<?xml version="1.0" encoding="UTF-8"?>
<gpx version="1.1" creator="Pesca Barragem" xmlns="http://www.topografix.com/GPX/1/1" xmlns:osmand="https://osmand.net">
<metadata><name>Lisboa e estuário — pesca</name><desc>Spots verificados, zonas proibidas e praias balneares | Actualizado a 2026-09-11 | https://j0hk3r1.github.io/Pesca-barragem/</desc><time>2026-09-11T00:00:00Z</time></metadata>
<wpt lat="38.74735" lon="-9.09692">
  <name>Parque Ribeirinho Oriente (norte)</name>
  <desc>237 m do pontão · 30 min de bike</desc>
  <type>Spots</type>
  <extensions><osmand:color>#27ae60</osmand:color><osmand:icon>special_marker</osmand:icon><osmand:background>circle</osmand:background></extensions>
</wpt>
<wpt lat="38.75905" lon="-9.09079">
  <name>Cais do Adamastor (PdN) — 100 m a norte</name>
  <desc>⚠️ o cais em si fica a 89 m de um pontão; este ponto está limpo</desc>
  <type>Spots</type>
  <extensions><osmand:color>#27ae60</osmand:color><osmand:icon>special_marker</osmand:icon><osmand:background>circle</osmand:background></extensions>
</wpt>
<wpt lat="38.69140" lon="-9.22611">
  <name>Algés — 300 m a nascente do terminal</name>
  <desc>⚠️ o Dafundo fica dentro dos 300 m do terminal de Pedrouços</desc>
  <type>Spots</type>
  <extensions><osmand:color>#27ae60</osmand:color><osmand:icon>special_marker</osmand:icon><osmand:background>circle</osmand:background></extensions>
</wpt>
<wpt lat="38.62576" lon="-9.10929">
  <name>Rio Judeu — 100 m do pontão</name>
  <desc>⚠️ não pescar EM CIMA do pontão (100 m)</desc>
  <type>Spots</type>
  <extensions><osmand:color>#27ae60</osmand:color><osmand:icon>special_marker</osmand:icon><osmand:background>circle</osmand:background></extensions>
</wpt>
<wpt lat="38.63274" lon="-9.10549">
  <name>Cavaquinhas — 100 m do pontão</name>
  <desc>⚠️ idem: afastar-se do pontão</desc>
  <type>Spots</type>
  <extensions><osmand:color>#27ae60</osmand:color><osmand:icon>special_marker</osmand:icon><osmand:background>circle</osmand:background></extensions>
</wpt>
<wpt lat="38.67313" lon="-9.23429">
  <name>Trafaria — 150 m a SO da estação</name>
  <desc>⚠️ a estação fluvial obriga a 300 m</desc>
  <type>Spots</type>
  <extensions><osmand:color>#27ae60</osmand:color><osmand:icon>special_marker</osmand:icon><osmand:background>circle</osmand:background></extensions>
</wpt>
<wpt lat="38.67506" lon="-9.20660">
  <name>Porto Brandão — 200 m a sul</name>
  <desc>⚠️ a estação fluvial obriga a 300 m</desc>
  <type>Spots</type>
  <extensions><osmand:color>#27ae60</osmand:color><osmand:icon>special_marker</osmand:icon><osmand:background>circle</osmand:background></extensions>
</wpt>
<wpt lat="38.70481" lon="-8.97996">
  <name>Montijo — 300 m a NE do cais</name>
  <desc>⚠️ o Cais dos Pescadores é cais acostável (300 m)</desc>
  <type>Spots</type>
  <extensions><osmand:color>#27ae60</osmand:color><osmand:icon>special_marker</osmand:icon><osmand:background>circle</osmand:background></extensions>
</wpt>
<wpt lat="38.75863" lon="-8.96307">
  <name>Alcochete — 100 m a NE do ponte-cais</name>
  <desc>⚠️ o ponte-cais é cais acostável: obriga a 300 m</desc>
  <type>Spots</type>
  <extensions><osmand:color>#27ae60</osmand:color><osmand:icon>special_marker</osmand:icon><osmand:background>circle</osmand:background></extensions>
</wpt>
<wpt lat="38.66190" lon="-9.02310">
  <name>Cais de Alhos Vedros (Moita)</name>
  <desc>limpo</desc>
  <type>Spots</type>
  <extensions><osmand:color>#27ae60</osmand:color><osmand:icon>special_marker</osmand:icon><osmand:background>circle</osmand:background></extensions>
</wpt>
<wpt lat="38.55830" lon="-9.19010">
  <name>Praia da Adiça</name>
  <desc>praia oceânica · 1599 m da Fonte da Telha</desc>
  <type>Spots</type>
  <extensions><osmand:color>#27ae60</osmand:color><osmand:icon>special_marker</osmand:icon><osmand:background>circle</osmand:background></extensions>
</wpt>
<wpt lat="38.52040" lon="-8.89420">
  <name>Setúbal — frente ao jardim</name>
  <desc>🏆 autorização ESCRITA no edital de Setúbal</desc>
  <type>Spots</type>
  <extensions><osmand:color>#27ae60</osmand:color><osmand:icon>special_marker</osmand:icon><osmand:background>circle</osmand:background></extensions>
</wpt>
<wpt lat="38.64789" lon="-9.09555">
  <name>⛔ cais/terminal acostável — 300 m · Seixal</name>
  <desc>Proibido pescar a menos de 300 m. Base: edital da Capitania de Lisboa.</desc>
  <type>Proibições</type>
  <extensions><osmand:color>#c0392b</osmand:color><osmand:icon>special_symbol_remove</osmand:icon><osmand:background>octagon</osmand:background></extensions>
</wpt>
<wpt lat="38.69449" lon="-9.1984">
  <name>⛔ cais/terminal acostável — 300 m · Belém</name>
  <desc>Proibido pescar a menos de 300 m. Base: edital da Capitania de Lisboa.</desc>
  <type>Proibições</type>
  <extensions><osmand:color>#c0392b</osmand:color><osmand:icon>special_symbol_remove</osmand:icon><osmand:background>octagon</osmand:background></extensions>
</wpt>
<wpt lat="38.67815" lon="-9.20693">
  <name>⛔ cais/terminal acostável — 300 m · Porto Brandão</name>
  <desc>Proibido pescar a menos de 300 m. Base: edital da Capitania de Lisboa.</desc>
  <type>Proibições</type>
  <extensions><osmand:color>#c0392b</osmand:color><osmand:icon>special_symbol_remove</osmand:icon><osmand:background>octagon</osmand:background></extensions>
</wpt>
<wpt lat="38.65145" lon="-9.079">
  <name>⛔ cais/terminal acostável — 300 m · Barreiro</name>
  <desc>Proibido pescar a menos de 300 m. Base: edital da Capitania de Lisboa.</desc>
  <type>Proibições</type>
  <extensions><osmand:color>#c0392b</osmand:color><osmand:icon>special_symbol_remove</osmand:icon><osmand:background>octagon</osmand:background></extensions>
</wpt>
<wpt lat="38.68827" lon="-9.14835">
  <name>⛔ cais/terminal acostável — 300 m · Cacilhas</name>
  <desc>Proibido pescar a menos de 300 m. Base: edital da Capitania de Lisboa.</desc>
  <type>Proibições</type>
  <extensions><osmand:color>#c0392b</osmand:color><osmand:icon>special_symbol_remove</osmand:icon><osmand:background>octagon</osmand:background></extensions>
</wpt>
<wpt lat="38.70437" lon="-9.14584">
  <name>⛔ cais/terminal acostável — 300 m · Cais do Sodré</name>
  <desc>Proibido pescar a menos de 300 m. Base: edital da Capitania de Lisboa.</desc>
  <type>Proibições</type>
  <extensions><osmand:color>#c0392b</osmand:color><osmand:icon>special_symbol_remove</osmand:icon><osmand:background>octagon</osmand:background></extensions>
</wpt>
<wpt lat="38.69953" lon="-9.00637">
  <name>⛔ cais/terminal acostável — 300 m · Montijo</name>
  <desc>Proibido pescar a menos de 300 m. Base: edital da Capitania de Lisboa.</desc>
  <type>Proibições</type>
  <extensions><osmand:color>#c0392b</osmand:color><osmand:icon>special_symbol_remove</osmand:icon><osmand:background>octagon</osmand:background></extensions>
</wpt>
<wpt lat="38.70449" lon="-9.14517">
  <name>⛔ cais/terminal acostável — 300 m · Cais do Sodré</name>
  <desc>Proibido pescar a menos de 300 m. Base: edital da Capitania de Lisboa.</desc>
  <type>Proibições</type>
  <extensions><osmand:color>#c0392b</osmand:color><osmand:icon>special_symbol_remove</osmand:icon><osmand:background>octagon</osmand:background></extensions>
</wpt>
<wpt lat="38.75691" lon="-8.96625">
  <name>⛔ farol — 100 m</name>
  <desc>Proibido pescar a menos de 100 m. Base: edital da Capitania de Lisboa.</desc>
  <type>Proibições</type>
  <extensions><osmand:color>#c0392b</osmand:color><osmand:icon>special_symbol_remove</osmand:icon><osmand:background>octagon</osmand:background></extensions>
</wpt>
<wpt lat="38.72755" lon="-9.22719">
  <name>⛔ farol — 100 m · Farol da Mama</name>
  <desc>Proibido pescar a menos de 100 m. Base: edital da Capitania de Lisboa.</desc>
  <type>Proibições</type>
  <extensions><osmand:color>#c0392b</osmand:color><osmand:icon>special_symbol_remove</osmand:icon><osmand:background>octagon</osmand:background></extensions>
</wpt>
<wpt lat="38.68807" lon="-9.14636">
  <name>⛔ farol — 100 m · Farol de Cacilhas</name>
  <desc>Proibido pescar a menos de 100 m. Base: edital da Capitania de Lisboa.</desc>
  <type>Proibições</type>
  <extensions><osmand:color>#c0392b</osmand:color><osmand:icon>special_symbol_remove</osmand:icon><osmand:background>octagon</osmand:background></extensions>
</wpt>
<wpt lat="38.70379" lon="-9.25985">
  <name>⛔ farol — 100 m · Farol do Esteiro</name>
  <desc>Proibido pescar a menos de 100 m. Base: edital da Capitania de Lisboa.</desc>
  <type>Proibições</type>
  <extensions><osmand:color>#c0392b</osmand:color><osmand:icon>special_symbol_remove</osmand:icon><osmand:background>octagon</osmand:background></extensions>
</wpt>
<wpt lat="38.69911" lon="-9.26627">
  <name>⛔ farol — 100 m · Farol da Gibalta Barra do Su</name>
  <desc>Proibido pescar a menos de 100 m. Base: edital da Capitania de Lisboa.</desc>
  <type>Proibições</type>
  <extensions><osmand:color>#c0392b</osmand:color><osmand:icon>special_symbol_remove</osmand:icon><osmand:background>octagon</osmand:background></extensions>
</wpt>
<wpt lat="38.62446" lon="-9.0537">
  <name>⛔ doca/marina — 100 m · Marina de Palhais</name>
  <desc>Proibido pescar a menos de 100 m. Base: edital da Capitania de Lisboa.</desc>
  <type>Proibições</type>
  <extensions><osmand:color>#c0392b</osmand:color><osmand:icon>special_symbol_remove</osmand:icon><osmand:background>octagon</osmand:background></extensions>
</wpt>
<wpt lat="38.70461" lon="-9.1445">
  <name>⛔ cais/terminal acostável — 300 m · Cais do Sodré</name>
  <desc>Proibido pescar a menos de 300 m. Base: edital da Capitania de Lisboa.</desc>
  <type>Proibições</type>
  <extensions><osmand:color>#c0392b</osmand:color><osmand:icon>special_symbol_remove</osmand:icon><osmand:background>octagon</osmand:background></extensions>
</wpt>
<wpt lat="38.757" lon="-8.96646">
  <name>⛔ cais/terminal acostável — 300 m</name>
  <desc>Proibido pescar a menos de 300 m. Base: edital da Capitania de Lisboa.</desc>
  <type>Proibições</type>
  <extensions><osmand:color>#c0392b</osmand:color><osmand:icon>special_symbol_remove</osmand:icon><osmand:background>octagon</osmand:background></extensions>
</wpt>
<wpt lat="38.70629" lon="-9.13343">
  <name>⛔ cais/terminal acostável — 300 m · Terreiro do Paço</name>
  <desc>Proibido pescar a menos de 300 m. Base: edital da Capitania de Lisboa.</desc>
  <type>Proibições</type>
  <extensions><osmand:color>#c0392b</osmand:color><osmand:icon>special_symbol_remove</osmand:icon><osmand:background>octagon</osmand:background></extensions>
</wpt>
<wpt lat="38.66422" lon="-9.15554">
  <name>⛔ unidade militar — 100 m · Base Naval De Lisboa</name>
  <desc>Proibido pescar a menos de 100 m. Base: edital da Capitania de Lisboa.</desc>
  <type>Proibições</type>
  <extensions><osmand:color>#c0392b</osmand:color><osmand:icon>special_symbol_remove</osmand:icon><osmand:background>octagon</osmand:background></extensions>
</wpt>
<wpt lat="38.70649" lon="-9.13278">
  <name>⛔ cais/terminal acostável — 300 m · Terreiro do Paço</name>
  <desc>Proibido pescar a menos de 300 m. Base: edital da Capitania de Lisboa.</desc>
  <type>Proibições</type>
  <extensions><osmand:color>#c0392b</osmand:color><osmand:icon>special_symbol_remove</osmand:icon><osmand:background>octagon</osmand:background></extensions>
</wpt>
<wpt lat="38.72925" lon="-9.0085">
  <name>⛔ doca/marina — 100 m · Cais Palafítico do Samouco</name>
  <desc>Proibido pescar a menos de 100 m. Base: edital da Capitania de Lisboa.</desc>
  <type>Proibições</type>
  <extensions><osmand:color>#c0392b</osmand:color><osmand:icon>special_symbol_remove</osmand:icon><osmand:background>octagon</osmand:background></extensions>
</wpt>
<wpt lat="38.69974" lon="-8.96861">
  <name>⛔ cais/terminal acostável — 300 m · Cais do Milho</name>
  <desc>Proibido pescar a menos de 300 m. Base: edital da Capitania de Lisboa.</desc>
  <type>Proibições</type>
  <extensions><osmand:color>#c0392b</osmand:color><osmand:icon>special_symbol_remove</osmand:icon><osmand:background>octagon</osmand:background></extensions>
</wpt>
<wpt lat="38.70102" lon="-8.97741">
  <name>⛔ cais/terminal acostável — 300 m · Cais dos Vapores</name>
  <desc>Proibido pescar a menos de 300 m. Base: edital da Capitania de Lisboa.</desc>
  <type>Proibições</type>
  <extensions><osmand:color>#c0392b</osmand:color><osmand:icon>special_symbol_remove</osmand:icon><osmand:background>octagon</osmand:background></extensions>
</wpt>
<wpt lat="38.70307" lon="-8.97704">
  <name>⛔ cais/terminal acostável — 300 m · Cais Flutuante</name>
  <desc>Proibido pescar a menos de 300 m. Base: edital da Capitania de Lisboa.</desc>
  <type>Proibições</type>
  <extensions><osmand:color>#c0392b</osmand:color><osmand:icon>special_symbol_remove</osmand:icon><osmand:background>octagon</osmand:background></extensions>
</wpt>
<wpt lat="38.70245" lon="-8.98167">
  <name>⛔ cais/terminal acostável — 300 m · Cais dos Pescadores</name>
  <desc>Proibido pescar a menos de 300 m. Base: edital da Capitania de Lisboa.</desc>
  <type>Proibições</type>
  <extensions><osmand:color>#c0392b</osmand:color><osmand:icon>special_symbol_remove</osmand:icon><osmand:background>octagon</osmand:background></extensions>
</wpt>
<wpt lat="38.70421" lon="-8.97632">
  <name>⛔ cais/terminal acostável — 300 m · Cais das Faluas</name>
  <desc>Proibido pescar a menos de 300 m. Base: edital da Capitania de Lisboa.</desc>
  <type>Proibições</type>
  <extensions><osmand:color>#c0392b</osmand:color><osmand:icon>special_symbol_remove</osmand:icon><osmand:background>octagon</osmand:background></extensions>
</wpt>
<wpt lat="38.66579" lon="-9.07623">
  <name>⛔ doca/marina — 100 m</name>
  <desc>Proibido pescar a menos de 100 m. Base: edital da Capitania de Lisboa.</desc>
  <type>Proibições</type>
  <extensions><osmand:color>#c0392b</osmand:color><osmand:icon>special_symbol_remove</osmand:icon><osmand:background>octagon</osmand:background></extensions>
</wpt>
<wpt lat="38.70423" lon="-9.14667">
  <name>⛔ cais/terminal acostável — 300 m · Cais do Sodré</name>
  <desc>Proibido pescar a menos de 300 m. Base: edital da Capitania de Lisboa.</desc>
  <type>Proibições</type>
  <extensions><osmand:color>#c0392b</osmand:color><osmand:icon>special_symbol_remove</osmand:icon><osmand:background>octagon</osmand:background></extensions>
</wpt>
<wpt lat="38.6884" lon="-9.14734">
  <name>⛔ cais/terminal acostável — 300 m · Cacilhas</name>
  <desc>Proibido pescar a menos de 300 m. Base: edital da Capitania de Lisboa.</desc>
  <type>Proibições</type>
  <extensions><osmand:color>#c0392b</osmand:color><osmand:icon>special_symbol_remove</osmand:icon><osmand:background>octagon</osmand:background></extensions>
</wpt>
<wpt lat="38.67487" lon="-9.23088">
  <name>⛔ cais/terminal acostável — 300 m · Trafaria</name>
  <desc>Proibido pescar a menos de 300 m. Base: edital da Capitania de Lisboa.</desc>
  <type>Proibições</type>
  <extensions><osmand:color>#c0392b</osmand:color><osmand:icon>special_symbol_remove</osmand:icon><osmand:background>octagon</osmand:background></extensions>
</wpt>
<wpt lat="38.70142" lon="-9.19908">
  <name>⛔ unidade militar — 100 m · Regimento de Lanceiros nº2</name>
  <desc>Proibido pescar a menos de 100 m. Base: edital da Capitania de Lisboa.</desc>
  <type>Proibições</type>
  <extensions><osmand:color>#c0392b</osmand:color><osmand:icon>special_symbol_remove</osmand:icon><osmand:background>octagon</osmand:background></extensions>
</wpt>
<wpt lat="38.69409" lon="-9.22658">
  <name>⛔ cais/terminal acostável — 300 m · Pedrouços/Algés</name>
  <desc>Proibido pescar a menos de 300 m. Base: edital da Capitania de Lisboa.</desc>
  <type>Proibições</type>
  <extensions><osmand:color>#c0392b</osmand:color><osmand:icon>special_symbol_remove</osmand:icon><osmand:background>octagon</osmand:background></extensions>
</wpt>
<wpt lat="38.75181" lon="-9.24126">
  <name>⛔ unidade militar — 100 m · Academia Militar</name>
  <desc>Proibido pescar a menos de 100 m. Base: edital da Capitania de Lisboa.</desc>
  <type>Proibições</type>
  <extensions><osmand:color>#c0392b</osmand:color><osmand:icon>special_symbol_remove</osmand:icon><osmand:background>octagon</osmand:background></extensions>
</wpt>
<wpt lat="38.74814" lon="-9.18469">
  <name>⛔ unidade militar — 100 m · Instituto dos Pupilos do Exé</name>
  <desc>Proibido pescar a menos de 100 m. Base: edital da Capitania de Lisboa.</desc>
  <type>Proibições</type>
  <extensions><osmand:color>#c0392b</osmand:color><osmand:icon>special_symbol_remove</osmand:icon><osmand:background>octagon</osmand:background></extensions>
</wpt>
<wpt lat="38.68831" lon="-9.14734">
  <name>⛔ pontão — 100 m</name>
  <desc>Proibido pescar a menos de 100 m. Base: edital da Capitania de Lisboa.</desc>
  <type>Proibições</type>
  <extensions><osmand:color>#c0392b</osmand:color><osmand:icon>special_symbol_remove</osmand:icon><osmand:background>octagon</osmand:background></extensions>
</wpt>
<wpt lat="38.68812" lon="-9.14785">
  <name>⛔ cais/terminal acostável — 300 m · Terminal Fluvial de Cacilhas</name>
  <desc>Proibido pescar a menos de 300 m. Base: edital da Capitania de Lisboa.</desc>
  <type>Proibições</type>
  <extensions><osmand:color>#c0392b</osmand:color><osmand:icon>special_symbol_remove</osmand:icon><osmand:background>octagon</osmand:background></extensions>
</wpt>
<wpt lat="38.705" lon="-9.14569">
  <name>⛔ cais/terminal acostável — 300 m · Terminal Fluvial do Cais do </name>
  <desc>Proibido pescar a menos de 300 m. Base: edital da Capitania de Lisboa.</desc>
  <type>Proibições</type>
  <extensions><osmand:color>#c0392b</osmand:color><osmand:icon>special_symbol_remove</osmand:icon><osmand:background>octagon</osmand:background></extensions>
</wpt>
<wpt lat="38.73587" lon="-9.16295">
  <name>⛔ unidade militar — 100 m · Polícia Municipal Lisboa</name>
  <desc>Proibido pescar a menos de 100 m. Base: edital da Capitania de Lisboa.</desc>
  <type>Proibições</type>
  <extensions><osmand:color>#c0392b</osmand:color><osmand:icon>special_symbol_remove</osmand:icon><osmand:background>octagon</osmand:background></extensions>
</wpt>
<wpt lat="38.73856" lon="-9.21606">
  <name>⛔ unidade militar — 100 m · Estado Maior da Força Aérea</name>
  <desc>Proibido pescar a menos de 100 m. Base: edital da Capitania de Lisboa.</desc>
  <type>Proibições</type>
  <extensions><osmand:color>#c0392b</osmand:color><osmand:icon>special_symbol_remove</osmand:icon><osmand:background>octagon</osmand:background></extensions>
</wpt>
<wpt lat="38.70688" lon="-9.13311">
  <name>⛔ cais/terminal acostável — 300 m · Terminal Fluvial do Terreiro</name>
  <desc>Proibido pescar a menos de 300 m. Base: edital da Capitania de Lisboa.</desc>
  <type>Proibições</type>
  <extensions><osmand:color>#c0392b</osmand:color><osmand:icon>special_symbol_remove</osmand:icon><osmand:background>octagon</osmand:background></extensions>
</wpt>
<wpt lat="38.72517" lon="-9.13913">
  <name>⛔ unidade militar — 100 m · Academia Militar Sede</name>
  <desc>Proibido pescar a menos de 100 m. Base: edital da Capitania de Lisboa.</desc>
  <type>Proibições</type>
  <extensions><osmand:color>#c0392b</osmand:color><osmand:icon>special_symbol_remove</osmand:icon><osmand:background>octagon</osmand:background></extensions>
</wpt>
<wpt lat="38.72589" lon="-9.13751">
  <name>⛔ unidade militar — 100 m · Guarda Nacional Republicana</name>
  <desc>Proibido pescar a menos de 100 m. Base: edital da Capitania de Lisboa.</desc>
  <type>Proibições</type>
  <extensions><osmand:color>#c0392b</osmand:color><osmand:icon>special_symbol_remove</osmand:icon><osmand:background>octagon</osmand:background></extensions>
</wpt>
<wpt lat="38.65194" lon="-9.07894">
  <name>⛔ cais/terminal acostável — 300 m · Terminal Fluvial do Barreiro</name>
  <desc>Proibido pescar a menos de 300 m. Base: edital da Capitania de Lisboa.</desc>
  <type>Proibições</type>
  <extensions><osmand:color>#c0392b</osmand:color><osmand:icon>special_symbol_remove</osmand:icon><osmand:background>octagon</osmand:background></extensions>
</wpt>
<wpt lat="38.75805" lon="-9.18234">
  <name>⛔ unidade militar — 100 m · Colégio Militar</name>
  <desc>Proibido pescar a menos de 100 m. Base: edital da Capitania de Lisboa.</desc>
  <type>Proibições</type>
  <extensions><osmand:color>#c0392b</osmand:color><osmand:icon>special_symbol_remove</osmand:icon><osmand:background>octagon</osmand:background></extensions>
</wpt>
<wpt lat="38.70418" lon="-9.19423">
  <name>⛔ unidade militar — 100 m</name>
  <desc>Proibido pescar a menos de 100 m. Base: edital da Capitania de Lisboa.</desc>
  <type>Proibições</type>
  <extensions><osmand:color>#c0392b</osmand:color><osmand:icon>special_symbol_remove</osmand:icon><osmand:background>octagon</osmand:background></extensions>
</wpt>
<wpt lat="38.68814" lon="-9.14866">
  <name>⛔ pontão — 100 m</name>
  <desc>Proibido pescar a menos de 100 m. Base: edital da Capitania de Lisboa.</desc>
  <type>Proibições</type>
  <extensions><osmand:color>#c0392b</osmand:color><osmand:icon>special_symbol_remove</osmand:icon><osmand:background>octagon</osmand:background></extensions>
</wpt>
<wpt lat="38.7837" lon="-9.11913">
  <name>⛔ unidade militar — 100 m · Regimento de Transportes</name>
  <desc>Proibido pescar a menos de 100 m. Base: edital da Capitania de Lisboa.</desc>
  <type>Proibições</type>
  <extensions><osmand:color>#c0392b</osmand:color><osmand:icon>special_symbol_remove</osmand:icon><osmand:background>octagon</osmand:background></extensions>
</wpt>
<wpt lat="38.70432" lon="-9.17081">
  <name>⛔ unidade militar — 100 m</name>
  <desc>Proibido pescar a menos de 100 m. Base: edital da Capitania de Lisboa.</desc>
  <type>Proibições</type>
  <extensions><osmand:color>#c0392b</osmand:color><osmand:icon>special_symbol_remove</osmand:icon><osmand:background>octagon</osmand:background></extensions>
</wpt>
<wpt lat="38.69539" lon="-9.23475">
  <name>⛔ pontão — 100 m</name>
  <desc>Proibido pescar a menos de 100 m. Base: edital da Capitania de Lisboa.</desc>
  <type>Proibições</type>
  <extensions><osmand:color>#c0392b</osmand:color><osmand:icon>special_symbol_remove</osmand:icon><osmand:background>octagon</osmand:background></extensions>
</wpt>
<wpt lat="38.69532" lon="-9.23487">
  <name>⛔ pontão — 100 m</name>
  <desc>Proibido pescar a menos de 100 m. Base: edital da Capitania de Lisboa.</desc>
  <type>Proibições</type>
  <extensions><osmand:color>#c0392b</osmand:color><osmand:icon>special_symbol_remove</osmand:icon><osmand:background>octagon</osmand:background></extensions>
</wpt>
<wpt lat="38.69524" lon="-9.235">
  <name>⛔ pontão — 100 m</name>
  <desc>Proibido pescar a menos de 100 m. Base: edital da Capitania de Lisboa.</desc>
  <type>Proibições</type>
  <extensions><osmand:color>#c0392b</osmand:color><osmand:icon>special_symbol_remove</osmand:icon><osmand:background>octagon</osmand:background></extensions>
</wpt>
<wpt lat="38.69533" lon="-9.23497">
  <name>⛔ pontão — 100 m</name>
  <desc>Proibido pescar a menos de 100 m. Base: edital da Capitania de Lisboa.</desc>
  <type>Proibições</type>
  <extensions><osmand:color>#c0392b</osmand:color><osmand:icon>special_symbol_remove</osmand:icon><osmand:background>octagon</osmand:background></extensions>
</wpt>
<wpt lat="38.69336" lon="-9.2119">
  <name>⛔ pontão — 100 m</name>
  <desc>Proibido pescar a menos de 100 m. Base: edital da Capitania de Lisboa.</desc>
  <type>Proibições</type>
  <extensions><osmand:color>#c0392b</osmand:color><osmand:icon>special_symbol_remove</osmand:icon><osmand:background>octagon</osmand:background></extensions>
</wpt>
<wpt lat="38.69371" lon="-9.21153">
  <name>⛔ pontão — 100 m</name>
  <desc>Proibido pescar a menos de 100 m. Base: edital da Capitania de Lisboa.</desc>
  <type>Proibições</type>
  <extensions><osmand:color>#c0392b</osmand:color><osmand:icon>special_symbol_remove</osmand:icon><osmand:background>octagon</osmand:background></extensions>
</wpt>
<wpt lat="38.69361" lon="-9.21277">
  <name>⛔ pontão — 100 m</name>
  <desc>Proibido pescar a menos de 100 m. Base: edital da Capitania de Lisboa.</desc>
  <type>Proibições</type>
  <extensions><osmand:color>#c0392b</osmand:color><osmand:icon>special_symbol_remove</osmand:icon><osmand:background>octagon</osmand:background></extensions>
</wpt>
<wpt lat="38.69302" lon="-9.2117">
  <name>⛔ pontão — 100 m</name>
  <desc>Proibido pescar a menos de 100 m. Base: edital da Capitania de Lisboa.</desc>
  <type>Proibições</type>
  <extensions><osmand:color>#c0392b</osmand:color><osmand:icon>special_symbol_remove</osmand:icon><osmand:background>octagon</osmand:background></extensions>
</wpt>
<wpt lat="38.69316" lon="-9.21102">
  <name>⛔ pontão — 100 m</name>
  <desc>Proibido pescar a menos de 100 m. Base: edital da Capitania de Lisboa.</desc>
  <type>Proibições</type>
  <extensions><osmand:color>#c0392b</osmand:color><osmand:icon>special_symbol_remove</osmand:icon><osmand:background>octagon</osmand:background></extensions>
</wpt>
<wpt lat="38.69497" lon="-9.19853">
  <name>⛔ cais/terminal acostável — 300 m · Estação Fluvial de Belém</name>
  <desc>Proibido pescar a menos de 300 m. Base: edital da Capitania de Lisboa.</desc>
  <type>Proibições</type>
  <extensions><osmand:color>#c0392b</osmand:color><osmand:icon>special_symbol_remove</osmand:icon><osmand:background>octagon</osmand:background></extensions>
</wpt>
<wpt lat="38.69457" lon="-9.20353">
  <name>⛔ pontão — 100 m</name>
  <desc>Proibido pescar a menos de 100 m. Base: edital da Capitania de Lisboa.</desc>
  <type>Proibições</type>
  <extensions><osmand:color>#c0392b</osmand:color><osmand:icon>special_symbol_remove</osmand:icon><osmand:background>octagon</osmand:background></extensions>
</wpt>
<wpt lat="38.69479" lon="-9.20355">
  <name>⛔ pontão — 100 m</name>
  <desc>Proibido pescar a menos de 100 m. Base: edital da Capitania de Lisboa.</desc>
  <type>Proibições</type>
  <extensions><osmand:color>#c0392b</osmand:color><osmand:icon>special_symbol_remove</osmand:icon><osmand:background>octagon</osmand:background></extensions>
</wpt>
<wpt lat="38.69451" lon="-9.20384">
  <name>⛔ pontão — 100 m</name>
  <desc>Proibido pescar a menos de 100 m. Base: edital da Capitania de Lisboa.</desc>
  <type>Proibições</type>
  <extensions><osmand:color>#c0392b</osmand:color><osmand:icon>special_symbol_remove</osmand:icon><osmand:background>octagon</osmand:background></extensions>
</wpt>
<wpt lat="38.69427" lon="-9.20378">
  <name>⛔ pontão — 100 m</name>
  <desc>Proibido pescar a menos de 100 m. Base: edital da Capitania de Lisboa.</desc>
  <type>Proibições</type>
  <extensions><osmand:color>#c0392b</osmand:color><osmand:icon>special_symbol_remove</osmand:icon><osmand:background>octagon</osmand:background></extensions>
</wpt>
<wpt lat="38.69422" lon="-9.20416">
  <name>⛔ pontão — 100 m</name>
  <desc>Proibido pescar a menos de 100 m. Base: edital da Capitania de Lisboa.</desc>
  <type>Proibições</type>
  <extensions><osmand:color>#c0392b</osmand:color><osmand:icon>special_symbol_remove</osmand:icon><osmand:background>octagon</osmand:background></extensions>
</wpt>
<wpt lat="38.69457" lon="-9.20426">
  <name>⛔ pontão — 100 m</name>
  <desc>Proibido pescar a menos de 100 m. Base: edital da Capitania de Lisboa.</desc>
  <type>Proibições</type>
  <extensions><osmand:color>#c0392b</osmand:color><osmand:icon>special_symbol_remove</osmand:icon><osmand:background>octagon</osmand:background></extensions>
</wpt>
<wpt lat="38.6941" lon="-9.20478">
  <name>⛔ pontão — 100 m</name>
  <desc>Proibido pescar a menos de 100 m. Base: edital da Capitania de Lisboa.</desc>
  <type>Proibições</type>
  <extensions><osmand:color>#c0392b</osmand:color><osmand:icon>special_symbol_remove</osmand:icon><osmand:background>octagon</osmand:background></extensions>
</wpt>
<wpt lat="38.69459" lon="-9.20341">
  <name>⛔ pontão — 100 m</name>
  <desc>Proibido pescar a menos de 100 m. Base: edital da Capitania de Lisboa.</desc>
  <type>Proibições</type>
  <extensions><osmand:color>#c0392b</osmand:color><osmand:icon>special_symbol_remove</osmand:icon><osmand:background>octagon</osmand:background></extensions>
</wpt>
<wpt lat="38.6946" lon="-9.19841">
  <name>⛔ pontão — 100 m</name>
  <desc>Proibido pescar a menos de 100 m. Base: edital da Capitania de Lisboa.</desc>
  <type>Proibições</type>
  <extensions><osmand:color>#c0392b</osmand:color><osmand:icon>special_symbol_remove</osmand:icon><osmand:background>octagon</osmand:background></extensions>
</wpt>
<wpt lat="38.6995" lon="-9.17745">
  <name>⛔ pontão — 100 m</name>
  <desc>Proibido pescar a menos de 100 m. Base: edital da Capitania de Lisboa.</desc>
  <type>Proibições</type>
  <extensions><osmand:color>#c0392b</osmand:color><osmand:icon>special_symbol_remove</osmand:icon><osmand:background>octagon</osmand:background></extensions>
</wpt>
<wpt lat="38.69981" lon="-9.17682">
  <name>⛔ pontão — 100 m</name>
  <desc>Proibido pescar a menos de 100 m. Base: edital da Capitania de Lisboa.</desc>
  <type>Proibições</type>
  <extensions><osmand:color>#c0392b</osmand:color><osmand:icon>special_symbol_remove</osmand:icon><osmand:background>octagon</osmand:background></extensions>
</wpt>
<wpt lat="38.69947" lon="-9.1768">
  <name>⛔ pontão — 100 m</name>
  <desc>Proibido pescar a menos de 100 m. Base: edital da Capitania de Lisboa.</desc>
  <type>Proibições</type>
  <extensions><osmand:color>#c0392b</osmand:color><osmand:icon>special_symbol_remove</osmand:icon><osmand:background>octagon</osmand:background></extensions>
</wpt>
<wpt lat="38.699" lon="-9.1767">
  <name>⛔ pontão — 100 m</name>
  <desc>Proibido pescar a menos de 100 m. Base: edital da Capitania de Lisboa.</desc>
  <type>Proibições</type>
  <extensions><osmand:color>#c0392b</osmand:color><osmand:icon>special_symbol_remove</osmand:icon><osmand:background>octagon</osmand:background></extensions>
</wpt>
<wpt lat="38.7002" lon="-9.17668">
  <name>⛔ pontão — 100 m</name>
  <desc>Proibido pescar a menos de 100 m. Base: edital da Capitania de Lisboa.</desc>
  <type>Proibições</type>
  <extensions><osmand:color>#c0392b</osmand:color><osmand:icon>special_symbol_remove</osmand:icon><osmand:background>octagon</osmand:background></extensions>
</wpt>
<wpt lat="38.69907" lon="-9.1767">
  <name>⛔ pontão — 100 m</name>
  <desc>Proibido pescar a menos de 100 m. Base: edital da Capitania de Lisboa.</desc>
  <type>Proibições</type>
  <extensions><osmand:color>#c0392b</osmand:color><osmand:icon>special_symbol_remove</osmand:icon><osmand:background>octagon</osmand:background></extensions>
</wpt>
<wpt lat="38.6992" lon="-9.17829">
  <name>⛔ pontão — 100 m</name>
  <desc>Proibido pescar a menos de 100 m. Base: edital da Capitania de Lisboa.</desc>
  <type>Proibições</type>
  <extensions><osmand:color>#c0392b</osmand:color><osmand:icon>special_symbol_remove</osmand:icon><osmand:background>octagon</osmand:background></extensions>
</wpt>
<wpt lat="38.70292" lon="-9.16025">
  <name>⛔ doca/marina — 100 m</name>
  <desc>Proibido pescar a menos de 100 m. Base: edital da Capitania de Lisboa.</desc>
  <type>Proibições</type>
  <extensions><osmand:color>#c0392b</osmand:color><osmand:icon>special_symbol_remove</osmand:icon><osmand:background>octagon</osmand:background></extensions>
</wpt>
<wpt lat="38.7033" lon="-9.15978">
  <name>⛔ doca/marina — 100 m</name>
  <desc>Proibido pescar a menos de 100 m. Base: edital da Capitania de Lisboa.</desc>
  <type>Proibições</type>
  <extensions><osmand:color>#c0392b</osmand:color><osmand:icon>special_symbol_remove</osmand:icon><osmand:background>octagon</osmand:background></extensions>
</wpt>
<wpt lat="38.70364" lon="-9.15894">
  <name>⛔ doca/marina — 100 m</name>
  <desc>Proibido pescar a menos de 100 m. Base: edital da Capitania de Lisboa.</desc>
  <type>Proibições</type>
  <extensions><osmand:color>#c0392b</osmand:color><osmand:icon>special_symbol_remove</osmand:icon><osmand:background>octagon</osmand:background></extensions>
</wpt>
<wpt lat="38.70377" lon="-9.15865">
  <name>⛔ doca/marina — 100 m</name>
  <desc>Proibido pescar a menos de 100 m. Base: edital da Capitania de Lisboa.</desc>
  <type>Proibições</type>
  <extensions><osmand:color>#c0392b</osmand:color><osmand:icon>special_symbol_remove</osmand:icon><osmand:background>octagon</osmand:background></extensions>
</wpt>
<wpt lat="38.70458" lon="-9.14585">
  <name>⛔ pontão — 100 m</name>
  <desc>Proibido pescar a menos de 100 m. Base: edital da Capitania de Lisboa.</desc>
  <type>Proibições</type>
  <extensions><osmand:color>#c0392b</osmand:color><osmand:icon>special_symbol_remove</osmand:icon><osmand:background>octagon</osmand:background></extensions>
</wpt>
<wpt lat="38.70469" lon="-9.14517">
  <name>⛔ pontão — 100 m</name>
  <desc>Proibido pescar a menos de 100 m. Base: edital da Capitania de Lisboa.</desc>
  <type>Proibições</type>
  <extensions><osmand:color>#c0392b</osmand:color><osmand:icon>special_symbol_remove</osmand:icon><osmand:background>octagon</osmand:background></extensions>
</wpt>
<wpt lat="38.70175" lon="-9.16784">
  <name>⛔ pontão — 100 m</name>
  <desc>Proibido pescar a menos de 100 m. Base: edital da Capitania de Lisboa.</desc>
  <type>Proibições</type>
  <extensions><osmand:color>#c0392b</osmand:color><osmand:icon>special_symbol_remove</osmand:icon><osmand:background>octagon</osmand:background></extensions>
</wpt>
<wpt lat="38.70183" lon="-9.16739">
  <name>⛔ pontão — 100 m</name>
  <desc>Proibido pescar a menos de 100 m. Base: edital da Capitania de Lisboa.</desc>
  <type>Proibições</type>
  <extensions><osmand:color>#c0392b</osmand:color><osmand:icon>special_symbol_remove</osmand:icon><osmand:background>octagon</osmand:background></extensions>
</wpt>
<wpt lat="38.70125" lon="-9.17046">
  <name>⛔ pontão — 100 m</name>
  <desc>Proibido pescar a menos de 100 m. Base: edital da Capitania de Lisboa.</desc>
  <type>Proibições</type>
  <extensions><osmand:color>#c0392b</osmand:color><osmand:icon>special_symbol_remove</osmand:icon><osmand:background>octagon</osmand:background></extensions>
</wpt>
<wpt lat="38.70156" lon="-9.16888">
  <name>⛔ pontão — 100 m</name>
  <desc>Proibido pescar a menos de 100 m. Base: edital da Capitania de Lisboa.</desc>
  <type>Proibições</type>
  <extensions><osmand:color>#c0392b</osmand:color><osmand:icon>special_symbol_remove</osmand:icon><osmand:background>octagon</osmand:background></extensions>
</wpt>
<wpt lat="38.70116" lon="-9.17112">
  <name>⛔ pontão — 100 m</name>
  <desc>Proibido pescar a menos de 100 m. Base: edital da Capitania de Lisboa.</desc>
  <type>Proibições</type>
  <extensions><osmand:color>#c0392b</osmand:color><osmand:icon>special_symbol_remove</osmand:icon><osmand:background>octagon</osmand:background></extensions>
</wpt>
<wpt lat="38.70141" lon="-9.16955">
  <name>⛔ pontão — 100 m</name>
  <desc>Proibido pescar a menos de 100 m. Base: edital da Capitania de Lisboa.</desc>
  <type>Proibições</type>
  <extensions><osmand:color>#c0392b</osmand:color><osmand:icon>special_symbol_remove</osmand:icon><osmand:background>octagon</osmand:background></extensions>
</wpt>
<wpt lat="38.70093" lon="-9.17217">
  <name>⛔ pontão — 100 m</name>
  <desc>Proibido pescar a menos de 100 m. Base: edital da Capitania de Lisboa.</desc>
  <type>Proibições</type>
  <extensions><osmand:color>#c0392b</osmand:color><osmand:icon>special_symbol_remove</osmand:icon><osmand:background>octagon</osmand:background></extensions>
</wpt>
<wpt lat="38.70105" lon="-9.17169">
  <name>⛔ pontão — 100 m</name>
  <desc>Proibido pescar a menos de 100 m. Base: edital da Capitania de Lisboa.</desc>
  <type>Proibições</type>
  <extensions><osmand:color>#c0392b</osmand:color><osmand:icon>special_symbol_remove</osmand:icon><osmand:background>octagon</osmand:background></extensions>
</wpt>
<wpt lat="38.70166" lon="-9.16835">
  <name>⛔ pontão — 100 m</name>
  <desc>Proibido pescar a menos de 100 m. Base: edital da Capitania de Lisboa.</desc>
  <type>Proibições</type>
  <extensions><osmand:color>#c0392b</osmand:color><osmand:icon>special_symbol_remove</osmand:icon><osmand:background>octagon</osmand:background></extensions>
</wpt>
<wpt lat="38.7064" lon="-9.13344">
  <name>⛔ pontão — 100 m</name>
  <desc>Proibido pescar a menos de 100 m. Base: edital da Capitania de Lisboa.</desc>
  <type>Proibições</type>
  <extensions><osmand:color>#c0392b</osmand:color><osmand:icon>special_symbol_remove</osmand:icon><osmand:background>octagon</osmand:background></extensions>
</wpt>
<wpt lat="38.70659" lon="-9.13279">
  <name>⛔ pontão — 100 m</name>
  <desc>Proibido pescar a menos de 100 m. Base: edital da Capitania de Lisboa.</desc>
  <type>Proibições</type>
  <extensions><osmand:color>#c0392b</osmand:color><osmand:icon>special_symbol_remove</osmand:icon><osmand:background>octagon</osmand:background></extensions>
</wpt>
<wpt lat="38.74916" lon="-9.09359">
  <name>⛔ pontão — 100 m</name>
  <desc>Proibido pescar a menos de 100 m. Base: edital da Capitania de Lisboa.</desc>
  <type>Proibições</type>
  <extensions><osmand:color>#c0392b</osmand:color><osmand:icon>special_symbol_remove</osmand:icon><osmand:background>octagon</osmand:background></extensions>
</wpt>
<wpt lat="38.75067" lon="-9.09328">
  <name>⛔ pontão — 100 m</name>
  <desc>Proibido pescar a menos de 100 m. Base: edital da Capitania de Lisboa.</desc>
  <type>Proibições</type>
  <extensions><osmand:color>#c0392b</osmand:color><osmand:icon>special_symbol_remove</osmand:icon><osmand:background>octagon</osmand:background></extensions>
</wpt>
<wpt lat="38.75668" lon="-9.09278">
  <name>⛔ pontão — 100 m · F (em projecto)</name>
  <desc>Proibido pescar a menos de 100 m. Base: edital da Capitania de Lisboa.</desc>
  <type>Proibições</type>
  <extensions><osmand:color>#c0392b</osmand:color><osmand:icon>special_symbol_remove</osmand:icon><osmand:background>octagon</osmand:background></extensions>
</wpt>
<wpt lat="38.75729" lon="-9.09254">
  <name>⛔ pontão — 100 m · H</name>
  <desc>Proibido pescar a menos de 100 m. Base: edital da Capitania de Lisboa.</desc>
  <type>Proibições</type>
  <extensions><osmand:color>#c0392b</osmand:color><osmand:icon>special_symbol_remove</osmand:icon><osmand:background>octagon</osmand:background></extensions>
</wpt>
<wpt lat="38.75525" lon="-9.09317">
  <name>⛔ pontão — 100 m · B</name>
  <desc>Proibido pescar a menos de 100 m. Base: edital da Capitania de Lisboa.</desc>
  <type>Proibições</type>
  <extensions><osmand:color>#c0392b</osmand:color><osmand:icon>special_symbol_remove</osmand:icon><osmand:background>octagon</osmand:background></extensions>
</wpt>
<wpt lat="38.75482" lon="-9.09363">
  <name>⛔ pontão — 100 m · A</name>
  <desc>Proibido pescar a menos de 100 m. Base: edital da Capitania de Lisboa.</desc>
  <type>Proibições</type>
  <extensions><osmand:color>#c0392b</osmand:color><osmand:icon>special_symbol_remove</osmand:icon><osmand:background>octagon</osmand:background></extensions>
</wpt>
<wpt lat="38.75755" lon="-9.09247">
  <name>⛔ pontão — 100 m · I</name>
  <desc>Proibido pescar a menos de 100 m. Base: edital da Capitania de Lisboa.</desc>
  <type>Proibições</type>
  <extensions><osmand:color>#c0392b</osmand:color><osmand:icon>special_symbol_remove</osmand:icon><osmand:background>octagon</osmand:background></extensions>
</wpt>
<wpt lat="38.75564" lon="-9.09306">
  <name>⛔ pontão — 100 m · C</name>
  <desc>Proibido pescar a menos de 100 m. Base: edital da Capitania de Lisboa.</desc>
  <type>Proibições</type>
  <extensions><osmand:color>#c0392b</osmand:color><osmand:icon>special_symbol_remove</osmand:icon><osmand:background>octagon</osmand:background></extensions>
</wpt>
<wpt lat="38.756" lon="-9.0929">
  <name>⛔ pontão — 100 m · D (em projecto)</name>
  <desc>Proibido pescar a menos de 100 m. Base: edital da Capitania de Lisboa.</desc>
  <type>Proibições</type>
  <extensions><osmand:color>#c0392b</osmand:color><osmand:icon>special_symbol_remove</osmand:icon><osmand:background>octagon</osmand:background></extensions>
</wpt>
<wpt lat="38.75698" lon="-9.09263">
  <name>⛔ pontão — 100 m · G</name>
  <desc>Proibido pescar a menos de 100 m. Base: edital da Capitania de Lisboa.</desc>
  <type>Proibições</type>
  <extensions><osmand:color>#c0392b</osmand:color><osmand:icon>special_symbol_remove</osmand:icon><osmand:background>octagon</osmand:background></extensions>
</wpt>
<wpt lat="38.75634" lon="-9.09287">
  <name>⛔ pontão — 100 m · E</name>
  <desc>Proibido pescar a menos de 100 m. Base: edital da Capitania de Lisboa.</desc>
  <type>Proibições</type>
  <extensions><osmand:color>#c0392b</osmand:color><osmand:icon>special_symbol_remove</osmand:icon><osmand:background>octagon</osmand:background></extensions>
</wpt>
<wpt lat="38.75622" lon="-9.09218">
  <name>⛔ pontão — 100 m</name>
  <desc>Proibido pescar a menos de 100 m. Base: edital da Capitania de Lisboa.</desc>
  <type>Proibições</type>
  <extensions><osmand:color>#c0392b</osmand:color><osmand:icon>special_symbol_remove</osmand:icon><osmand:background>octagon</osmand:background></extensions>
</wpt>
<wpt lat="38.75475" lon="-9.09329">
  <name>⛔ pontão — 100 m</name>
  <desc>Proibido pescar a menos de 100 m. Base: edital da Capitania de Lisboa.</desc>
  <type>Proibições</type>
  <extensions><osmand:color>#c0392b</osmand:color><osmand:icon>special_symbol_remove</osmand:icon><osmand:background>octagon</osmand:background></extensions>
</wpt>
<wpt lat="38.7559" lon="-9.09228">
  <name>⛔ pontão — 100 m</name>
  <desc>Proibido pescar a menos de 100 m. Base: edital da Capitania de Lisboa.</desc>
  <type>Proibições</type>
  <extensions><osmand:color>#c0392b</osmand:color><osmand:icon>special_symbol_remove</osmand:icon><osmand:background>octagon</osmand:background></extensions>
</wpt>
<wpt lat="38.75742" lon="-9.09173">
  <name>⛔ pontão — 100 m</name>
  <desc>Proibido pescar a menos de 100 m. Base: edital da Capitania de Lisboa.</desc>
  <type>Proibições</type>
  <extensions><osmand:color>#c0392b</osmand:color><osmand:icon>special_symbol_remove</osmand:icon><osmand:background>octagon</osmand:background></extensions>
</wpt>
<wpt lat="38.7572" lon="-9.0934">
  <name>⛔ pontão — 100 m</name>
  <desc>Proibido pescar a menos de 100 m. Base: edital da Capitania de Lisboa.</desc>
  <type>Proibições</type>
  <extensions><osmand:color>#c0392b</osmand:color><osmand:icon>special_symbol_remove</osmand:icon><osmand:background>octagon</osmand:background></extensions>
</wpt>
<wpt lat="38.75553" lon="-9.09238">
  <name>⛔ pontão — 100 m</name>
  <desc>Proibido pescar a menos de 100 m. Base: edital da Capitania de Lisboa.</desc>
  <type>Proibições</type>
  <extensions><osmand:color>#c0392b</osmand:color><osmand:icon>special_symbol_remove</osmand:icon><osmand:background>octagon</osmand:background></extensions>
</wpt>
<wpt lat="38.75716" lon="-9.09181">
  <name>⛔ pontão — 100 m</name>
  <desc>Proibido pescar a menos de 100 m. Base: edital da Capitania de Lisboa.</desc>
  <type>Proibições</type>
  <extensions><osmand:color>#c0392b</osmand:color><osmand:icon>special_symbol_remove</osmand:icon><osmand:background>octagon</osmand:background></extensions>
</wpt>
<wpt lat="38.75655" lon="-9.0921">
  <name>⛔ pontão — 100 m</name>
  <desc>Proibido pescar a menos de 100 m. Base: edital da Capitania de Lisboa.</desc>
  <type>Proibições</type>
  <extensions><osmand:color>#c0392b</osmand:color><osmand:icon>special_symbol_remove</osmand:icon><osmand:background>octagon</osmand:background></extensions>
</wpt>
<wpt lat="38.75511" lon="-9.09249">
  <name>⛔ pontão — 100 m</name>
  <desc>Proibido pescar a menos de 100 m. Base: edital da Capitania de Lisboa.</desc>
  <type>Proibições</type>
  <extensions><osmand:color>#c0392b</osmand:color><osmand:icon>special_symbol_remove</osmand:icon><osmand:background>octagon</osmand:background></extensions>
</wpt>
<wpt lat="38.75686" lon="-9.09189">
  <name>⛔ pontão — 100 m</name>
  <desc>Proibido pescar a menos de 100 m. Base: edital da Capitania de Lisboa.</desc>
  <type>Proibições</type>
  <extensions><osmand:color>#c0392b</osmand:color><osmand:icon>special_symbol_remove</osmand:icon><osmand:background>octagon</osmand:background></extensions>
</wpt>
<wpt lat="38.75611" lon="-9.09358">
  <name>⛔ pontão — 100 m</name>
  <desc>Proibido pescar a menos de 100 m. Base: edital da Capitania de Lisboa.</desc>
  <type>Proibições</type>
  <extensions><osmand:color>#c0392b</osmand:color><osmand:icon>special_symbol_remove</osmand:icon><osmand:background>octagon</osmand:background></extensions>
</wpt>
<wpt lat="38.70032" lon="-9.00615">
  <name>⛔ cais/terminal acostável — 300 m · Terminal Fluvial do Montijo </name>
  <desc>Proibido pescar a menos de 300 m. Base: edital da Capitania de Lisboa.</desc>
  <type>Proibições</type>
  <extensions><osmand:color>#c0392b</osmand:color><osmand:icon>special_symbol_remove</osmand:icon><osmand:background>octagon</osmand:background></extensions>
</wpt>
<wpt lat="38.69984" lon="-9.00631">
  <name>⛔ pontão — 100 m · LX-393-AL ALVITO</name>
  <desc>Proibido pescar a menos de 100 m. Base: edital da Capitania de Lisboa.</desc>
  <type>Proibições</type>
  <extensions><osmand:color>#c0392b</osmand:color><osmand:icon>special_symbol_remove</osmand:icon><osmand:background>octagon</osmand:background></extensions>
</wpt>
<wpt lat="38.70321" lon="-8.97691">
  <name>⛔ pontão — 100 m</name>
  <desc>Proibido pescar a menos de 100 m. Base: edital da Capitania de Lisboa.</desc>
  <type>Proibições</type>
  <extensions><osmand:color>#c0392b</osmand:color><osmand:icon>special_symbol_remove</osmand:icon><osmand:background>octagon</osmand:background></extensions>
</wpt>
<wpt lat="38.7029" lon="-8.97712">
  <name>⛔ pontão — 100 m</name>
  <desc>Proibido pescar a menos de 100 m. Base: edital da Capitania de Lisboa.</desc>
  <type>Proibições</type>
  <extensions><osmand:color>#c0392b</osmand:color><osmand:icon>special_symbol_remove</osmand:icon><osmand:background>octagon</osmand:background></extensions>
</wpt>
<wpt lat="38.70293" lon="-8.97721">
  <name>⛔ pontão — 100 m</name>
  <desc>Proibido pescar a menos de 100 m. Base: edital da Capitania de Lisboa.</desc>
  <type>Proibições</type>
  <extensions><osmand:color>#c0392b</osmand:color><osmand:icon>special_symbol_remove</osmand:icon><osmand:background>octagon</osmand:background></extensions>
</wpt>
<wpt lat="38.70325" lon="-8.97699">
  <name>⛔ pontão — 100 m</name>
  <desc>Proibido pescar a menos de 100 m. Base: edital da Capitania de Lisboa.</desc>
  <type>Proibições</type>
  <extensions><osmand:color>#c0392b</osmand:color><osmand:icon>special_symbol_remove</osmand:icon><osmand:background>octagon</osmand:background></extensions>
</wpt>
<wpt lat="38.64754" lon="-9.09584">
  <name>⛔ cais/terminal acostável — 300 m · Terminal Fluvial do Seixal</name>
  <desc>Proibido pescar a menos de 300 m. Base: edital da Capitania de Lisboa.</desc>
  <type>Proibições</type>
  <extensions><osmand:color>#c0392b</osmand:color><osmand:icon>special_symbol_remove</osmand:icon><osmand:background>octagon</osmand:background></extensions>
</wpt>
<wpt lat="38.65158" lon="-9.07896">
  <name>⛔ pontão — 100 m</name>
  <desc>Proibido pescar a menos de 100 m. Base: edital da Capitania de Lisboa.</desc>
  <type>Proibições</type>
  <extensions><osmand:color>#c0392b</osmand:color><osmand:icon>special_symbol_remove</osmand:icon><osmand:background>octagon</osmand:background></extensions>
</wpt>
<wpt lat="38.65177" lon="-9.07976">
  <name>⛔ pontão — 100 m</name>
  <desc>Proibido pescar a menos de 100 m. Base: edital da Capitania de Lisboa.</desc>
  <type>Proibições</type>
  <extensions><osmand:color>#c0392b</osmand:color><osmand:icon>special_symbol_remove</osmand:icon><osmand:background>octagon</osmand:background></extensions>
</wpt>
<wpt lat="38.65139" lon="-9.07817">
  <name>⛔ pontão — 100 m</name>
  <desc>Proibido pescar a menos de 100 m. Base: edital da Capitania de Lisboa.</desc>
  <type>Proibições</type>
  <extensions><osmand:color>#c0392b</osmand:color><osmand:icon>special_symbol_remove</osmand:icon><osmand:background>octagon</osmand:background></extensions>
</wpt>
<wpt lat="38.64778" lon="-9.09552">
  <name>⛔ pontão — 100 m</name>
  <desc>Proibido pescar a menos de 100 m. Base: edital da Capitania de Lisboa.</desc>
  <type>Proibições</type>
  <extensions><osmand:color>#c0392b</osmand:color><osmand:icon>special_symbol_remove</osmand:icon><osmand:background>octagon</osmand:background></extensions>
</wpt>
<wpt lat="38.66412" lon="-9.14089">
  <name>⛔ doca/marina — 100 m</name>
  <desc>Proibido pescar a menos de 100 m. Base: edital da Capitania de Lisboa.</desc>
  <type>Proibições</type>
  <extensions><osmand:color>#c0392b</osmand:color><osmand:icon>special_symbol_remove</osmand:icon><osmand:background>octagon</osmand:background></extensions>
</wpt>
<wpt lat="38.68769" lon="-9.14616">
  <name>⛔ pontão — 100 m</name>
  <desc>Proibido pescar a menos de 100 m. Base: edital da Capitania de Lisboa.</desc>
  <type>Proibições</type>
  <extensions><osmand:color>#c0392b</osmand:color><osmand:icon>special_symbol_remove</osmand:icon><osmand:background>octagon</osmand:background></extensions>
</wpt>
<wpt lat="38.67958" lon="-9.18288">
  <name>⛔ pontão — 100 m</name>
  <desc>Proibido pescar a menos de 100 m. Base: edital da Capitania de Lisboa.</desc>
  <type>Proibições</type>
  <extensions><osmand:color>#c0392b</osmand:color><osmand:icon>special_symbol_remove</osmand:icon><osmand:background>octagon</osmand:background></extensions>
</wpt>
<wpt lat="38.6752" lon="-9.22781">
  <name>⛔ pontão — 100 m</name>
  <desc>Proibido pescar a menos de 100 m. Base: edital da Capitania de Lisboa.</desc>
  <type>Proibições</type>
  <extensions><osmand:color>#c0392b</osmand:color><osmand:icon>special_symbol_remove</osmand:icon><osmand:background>octagon</osmand:background></extensions>
</wpt>
<wpt lat="38.67894" lon="-9.18622">
  <name>⛔ pontão — 100 m</name>
  <desc>Proibido pescar a menos de 100 m. Base: edital da Capitania de Lisboa.</desc>
  <type>Proibições</type>
  <extensions><osmand:color>#c0392b</osmand:color><osmand:icon>special_symbol_remove</osmand:icon><osmand:background>octagon</osmand:background></extensions>
</wpt>
<wpt lat="38.67524" lon="-9.22729">
  <name>⛔ pontão — 100 m</name>
  <desc>Proibido pescar a menos de 100 m. Base: edital da Capitania de Lisboa.</desc>
  <type>Proibições</type>
  <extensions><osmand:color>#c0392b</osmand:color><osmand:icon>special_symbol_remove</osmand:icon><osmand:background>octagon</osmand:background></extensions>
</wpt>
<wpt lat="38.67689" lon="-9.2121">
  <name>⛔ pontão — 100 m</name>
  <desc>Proibido pescar a menos de 100 m. Base: edital da Capitania de Lisboa.</desc>
  <type>Proibições</type>
  <extensions><osmand:color>#c0392b</osmand:color><osmand:icon>special_symbol_remove</osmand:icon><osmand:background>octagon</osmand:background></extensions>
</wpt>
<wpt lat="38.67514" lon="-9.22712">
  <name>⛔ pontão — 100 m</name>
  <desc>Proibido pescar a menos de 100 m. Base: edital da Capitania de Lisboa.</desc>
  <type>Proibições</type>
  <extensions><osmand:color>#c0392b</osmand:color><osmand:icon>special_symbol_remove</osmand:icon><osmand:background>octagon</osmand:background></extensions>
</wpt>
<wpt lat="38.67906" lon="-9.18612">
  <name>⛔ pontão — 100 m</name>
  <desc>Proibido pescar a menos de 100 m. Base: edital da Capitania de Lisboa.</desc>
  <type>Proibições</type>
  <extensions><osmand:color>#c0392b</osmand:color><osmand:icon>special_symbol_remove</osmand:icon><osmand:background>octagon</osmand:background></extensions>
</wpt>
<wpt lat="38.67969" lon="-9.18293">
  <name>⛔ pontão — 100 m</name>
  <desc>Proibido pescar a menos de 100 m. Base: edital da Capitania de Lisboa.</desc>
  <type>Proibições</type>
  <extensions><osmand:color>#c0392b</osmand:color><osmand:icon>special_symbol_remove</osmand:icon><osmand:background>octagon</osmand:background></extensions>
</wpt>
<wpt lat="38.67705" lon="-9.21217">
  <name>⛔ pontão — 100 m</name>
  <desc>Proibido pescar a menos de 100 m. Base: edital da Capitania de Lisboa.</desc>
  <type>Proibições</type>
  <extensions><osmand:color>#c0392b</osmand:color><osmand:icon>special_symbol_remove</osmand:icon><osmand:background>octagon</osmand:background></extensions>
</wpt>
<wpt lat="38.67809" lon="-9.20693">
  <name>⛔ pontão — 100 m</name>
  <desc>Proibido pescar a menos de 100 m. Base: edital da Capitania de Lisboa.</desc>
  <type>Proibições</type>
  <extensions><osmand:color>#c0392b</osmand:color><osmand:icon>special_symbol_remove</osmand:icon><osmand:background>octagon</osmand:background></extensions>
</wpt>
<wpt lat="38.67465" lon="-9.23087">
  <name>⛔ pontão — 100 m</name>
  <desc>Proibido pescar a menos de 100 m. Base: edital da Capitania de Lisboa.</desc>
  <type>Proibições</type>
  <extensions><osmand:color>#c0392b</osmand:color><osmand:icon>special_symbol_remove</osmand:icon><osmand:background>octagon</osmand:background></extensions>
</wpt>
<wpt lat="38.67597" lon="-9.23842">
  <name>⛔ pontão — 100 m</name>
  <desc>Proibido pescar a menos de 100 m. Base: edital da Capitania de Lisboa.</desc>
  <type>Proibições</type>
  <extensions><osmand:color>#c0392b</osmand:color><osmand:icon>special_symbol_remove</osmand:icon><osmand:background>octagon</osmand:background></extensions>
</wpt>
<wpt lat="38.67602" lon="-9.23453">
  <name>⛔ pontão — 100 m</name>
  <desc>Proibido pescar a menos de 100 m. Base: edital da Capitania de Lisboa.</desc>
  <type>Proibições</type>
  <extensions><osmand:color>#c0392b</osmand:color><osmand:icon>special_symbol_remove</osmand:icon><osmand:background>octagon</osmand:background></extensions>
</wpt>
<wpt lat="38.67601" lon="-9.23502">
  <name>⛔ pontão — 100 m</name>
  <desc>Proibido pescar a menos de 100 m. Base: edital da Capitania de Lisboa.</desc>
  <type>Proibições</type>
  <extensions><osmand:color>#c0392b</osmand:color><osmand:icon>special_symbol_remove</osmand:icon><osmand:background>octagon</osmand:background></extensions>
</wpt>
<wpt lat="38.67602" lon="-9.23433">
  <name>⛔ pontão — 100 m</name>
  <desc>Proibido pescar a menos de 100 m. Base: edital da Capitania de Lisboa.</desc>
  <type>Proibições</type>
  <extensions><osmand:color>#c0392b</osmand:color><osmand:icon>special_symbol_remove</osmand:icon><osmand:background>octagon</osmand:background></extensions>
</wpt>
<wpt lat="38.67597" lon="-9.23872">
  <name>⛔ pontão — 100 m</name>
  <desc>Proibido pescar a menos de 100 m. Base: edital da Capitania de Lisboa.</desc>
  <type>Proibições</type>
  <extensions><osmand:color>#c0392b</osmand:color><osmand:icon>special_symbol_remove</osmand:icon><osmand:background>octagon</osmand:background></extensions>
</wpt>
<wpt lat="38.67601" lon="-9.23471">
  <name>⛔ pontão — 100 m</name>
  <desc>Proibido pescar a menos de 100 m. Base: edital da Capitania de Lisboa.</desc>
  <type>Proibições</type>
  <extensions><osmand:color>#c0392b</osmand:color><osmand:icon>special_symbol_remove</osmand:icon><osmand:background>octagon</osmand:background></extensions>
</wpt>
<wpt lat="38.67956" lon="-9.14238">
  <name>⛔ pontão — 100 m</name>
  <desc>Proibido pescar a menos de 100 m. Base: edital da Capitania de Lisboa.</desc>
  <type>Proibições</type>
  <extensions><osmand:color>#c0392b</osmand:color><osmand:icon>special_symbol_remove</osmand:icon><osmand:background>octagon</osmand:background></extensions>
</wpt>
<wpt lat="38.68012" lon="-9.14351">
  <name>⛔ pontão — 100 m</name>
  <desc>Proibido pescar a menos de 100 m. Base: edital da Capitania de Lisboa.</desc>
  <type>Proibições</type>
  <extensions><osmand:color>#c0392b</osmand:color><osmand:icon>special_symbol_remove</osmand:icon><osmand:background>octagon</osmand:background></extensions>
</wpt>
<wpt lat="38.70906" lon="-9.23728">
  <name>⛔ unidade militar — 100 m · Centro de Comunicações, de D</name>
  <desc>Proibido pescar a menos de 100 m. Base: edital da Capitania de Lisboa.</desc>
  <type>Proibições</type>
  <extensions><osmand:color>#c0392b</osmand:color><osmand:icon>special_symbol_remove</osmand:icon><osmand:background>octagon</osmand:background></extensions>
</wpt>
<wpt lat="38.61318" lon="-9.04536">
  <name>⛔ unidade militar — 100 m</name>
  <desc>Proibido pescar a menos de 100 m. Base: edital da Capitania de Lisboa.</desc>
  <type>Proibições</type>
  <extensions><osmand:color>#c0392b</osmand:color><osmand:icon>special_symbol_remove</osmand:icon><osmand:background>octagon</osmand:background></extensions>
</wpt>
<wpt lat="38.61588" lon="-9.05158">
  <name>⛔ unidade militar — 100 m · Escola de Fuzileiros</name>
  <desc>Proibido pescar a menos de 100 m. Base: edital da Capitania de Lisboa.</desc>
  <type>Proibições</type>
  <extensions><osmand:color>#c0392b</osmand:color><osmand:icon>special_symbol_remove</osmand:icon><osmand:background>octagon</osmand:background></extensions>
</wpt>
<wpt lat="38.61122" lon="-9.20139">
  <name>⛔ unidade militar — 100 m · Depósito POL NATO de Lisboa </name>
  <desc>Proibido pescar a menos de 100 m. Base: edital da Capitania de Lisboa.</desc>
  <type>Proibições</type>
  <extensions><osmand:color>#c0392b</osmand:color><osmand:icon>special_symbol_remove</osmand:icon><osmand:background>octagon</osmand:background></extensions>
</wpt>
<wpt lat="38.6446" lon="-9.10446">
  <name>⛔ pontão — 100 m</name>
  <desc>Proibido pescar a menos de 100 m. Base: edital da Capitania de Lisboa.</desc>
  <type>Proibições</type>
  <extensions><osmand:color>#c0392b</osmand:color><osmand:icon>special_symbol_remove</osmand:icon><osmand:background>octagon</osmand:background></extensions>
</wpt>
<wpt lat="38.67013" lon="-9.2494">
  <name>⛔ unidade militar — 100 m · Depósito POL NATO de Lisboa </name>
  <desc>Proibido pescar a menos de 100 m. Base: edital da Capitania de Lisboa.</desc>
  <type>Proibições</type>
  <extensions><osmand:color>#c0392b</osmand:color><osmand:icon>special_symbol_remove</osmand:icon><osmand:background>octagon</osmand:background></extensions>
</wpt>
<wpt lat="38.7223" lon="-9.12726">
  <name>⛔ unidade militar — 100 m · Regimento de Transmissões</name>
  <desc>Proibido pescar a menos de 100 m. Base: edital da Capitania de Lisboa.</desc>
  <type>Proibições</type>
  <extensions><osmand:color>#c0392b</osmand:color><osmand:icon>special_symbol_remove</osmand:icon><osmand:background>octagon</osmand:background></extensions>
</wpt>
<wpt lat="38.75191" lon="-9.25487">
  <name>⛔ unidade militar — 100 m · Regimento de Artilharia Anti</name>
  <desc>Proibido pescar a menos de 100 m. Base: edital da Capitania de Lisboa.</desc>
  <type>Proibições</type>
  <extensions><osmand:color>#c0392b</osmand:color><osmand:icon>special_symbol_remove</osmand:icon><osmand:background>octagon</osmand:background></extensions>
</wpt>
<wpt lat="38.69981" lon="-9.00564">
  <name>⛔ pontão — 100 m</name>
  <desc>Proibido pescar a menos de 100 m. Base: edital da Capitania de Lisboa.</desc>
  <type>Proibições</type>
  <extensions><osmand:color>#c0392b</osmand:color><osmand:icon>special_symbol_remove</osmand:icon><osmand:background>octagon</osmand:background></extensions>
</wpt>
<wpt lat="38.7886" lon="-9.2955">
  <name>⛔ unidade militar — 100 m · Regimento de Comandos</name>
  <desc>Proibido pescar a menos de 100 m. Base: edital da Capitania de Lisboa.</desc>
  <type>Proibições</type>
  <extensions><osmand:color>#c0392b</osmand:color><osmand:icon>special_symbol_remove</osmand:icon><osmand:background>octagon</osmand:background></extensions>
</wpt>
<wpt lat="38.79096" lon="-9.29681">
  <name>⛔ unidade militar — 100 m</name>
  <desc>Proibido pescar a menos de 100 m. Base: edital da Capitania de Lisboa.</desc>
  <type>Proibições</type>
  <extensions><osmand:color>#c0392b</osmand:color><osmand:icon>special_symbol_remove</osmand:icon><osmand:background>octagon</osmand:background></extensions>
</wpt>
<wpt lat="38.79778" lon="-9.29213">
  <name>⛔ unidade militar — 100 m · Carreira de Tiro</name>
  <desc>Proibido pescar a menos de 100 m. Base: edital da Capitania de Lisboa.</desc>
  <type>Proibições</type>
  <extensions><osmand:color>#c0392b</osmand:color><osmand:icon>special_symbol_remove</osmand:icon><osmand:background>octagon</osmand:background></extensions>
</wpt>
<wpt lat="38.79978" lon="-9.28842">
  <name>⛔ unidade militar — 100 m</name>
  <desc>Proibido pescar a menos de 100 m. Base: edital da Capitania de Lisboa.</desc>
  <type>Proibições</type>
  <extensions><osmand:color>#c0392b</osmand:color><osmand:icon>special_symbol_remove</osmand:icon><osmand:background>octagon</osmand:background></extensions>
</wpt>
<wpt lat="38.79418" lon="-9.29126">
  <name>⛔ unidade militar — 100 m</name>
  <desc>Proibido pescar a menos de 100 m. Base: edital da Capitania de Lisboa.</desc>
  <type>Proibições</type>
  <extensions><osmand:color>#c0392b</osmand:color><osmand:icon>special_symbol_remove</osmand:icon><osmand:background>octagon</osmand:background></extensions>
</wpt>
<wpt lat="38.79952" lon="-9.28878">
  <name>⛔ unidade militar — 100 m</name>
  <desc>Proibido pescar a menos de 100 m. Base: edital da Capitania de Lisboa.</desc>
  <type>Proibições</type>
  <extensions><osmand:color>#c0392b</osmand:color><osmand:icon>special_symbol_remove</osmand:icon><osmand:background>octagon</osmand:background></extensions>
</wpt>
<wpt lat="38.68224" lon="-9.16619">
  <name>⛔ pontão — 100 m</name>
  <desc>Proibido pescar a menos de 100 m. Base: edital da Capitania de Lisboa.</desc>
  <type>Proibições</type>
  <extensions><osmand:color>#c0392b</osmand:color><osmand:icon>special_symbol_remove</osmand:icon><osmand:background>octagon</osmand:background></extensions>
</wpt>
<wpt lat="38.65939" lon="-9.23822">
  <name>⛔ unidade militar — 100 m · Depósito POL NATO de Lisboa </name>
  <desc>Proibido pescar a menos de 100 m. Base: edital da Capitania de Lisboa.</desc>
  <type>Proibições</type>
  <extensions><osmand:color>#c0392b</osmand:color><osmand:icon>special_symbol_remove</osmand:icon><osmand:background>octagon</osmand:background></extensions>
</wpt>
<wpt lat="38.63974" lon="-9.10601">
  <name>⛔ pontão — 100 m</name>
  <desc>Proibido pescar a menos de 100 m. Base: edital da Capitania de Lisboa.</desc>
  <type>Proibições</type>
  <extensions><osmand:color>#c0392b</osmand:color><osmand:icon>special_symbol_remove</osmand:icon><osmand:background>octagon</osmand:background></extensions>
</wpt>
<wpt lat="38.78806" lon="-9.29374">
  <name>⛔ unidade militar — 100 m</name>
  <desc>Proibido pescar a menos de 100 m. Base: edital da Capitania de Lisboa.</desc>
  <type>Proibições</type>
  <extensions><osmand:color>#c0392b</osmand:color><osmand:icon>special_symbol_remove</osmand:icon><osmand:background>octagon</osmand:background></extensions>
</wpt>
<wpt lat="38.79622" lon="-9.29254">
  <name>⛔ unidade militar — 100 m · Área de Servidão do Campo de</name>
  <desc>Proibido pescar a menos de 100 m. Base: edital da Capitania de Lisboa.</desc>
  <type>Proibições</type>
  <extensions><osmand:color>#c0392b</osmand:color><osmand:icon>special_symbol_remove</osmand:icon><osmand:background>octagon</osmand:background></extensions>
</wpt>
<wpt lat="38.6929" lon="-9.2954">
  <name>⛔ unidade militar — 100 m · Unidade de Apoio do Comando </name>
  <desc>Proibido pescar a menos de 100 m. Base: edital da Capitania de Lisboa.</desc>
  <type>Proibições</type>
  <extensions><osmand:color>#c0392b</osmand:color><osmand:icon>special_symbol_remove</osmand:icon><osmand:background>octagon</osmand:background></extensions>
</wpt>
<wpt lat="38.7091" lon="-9.02824">
  <name>⛔ unidade militar — 100 m · Base Aérea Nº 6 - Montijo</name>
  <desc>Proibido pescar a menos de 100 m. Base: edital da Capitania de Lisboa.</desc>
  <type>Proibições</type>
  <extensions><osmand:color>#c0392b</osmand:color><osmand:icon>special_symbol_remove</osmand:icon><osmand:background>octagon</osmand:background></extensions>
</wpt>
<wpt lat="38.79697" lon="-9.10795">
  <name>⛔ unidade militar — 100 m · Escola Prática de Serviço de</name>
  <desc>Proibido pescar a menos de 100 m. Base: edital da Capitania de Lisboa.</desc>
  <type>Proibições</type>
  <extensions><osmand:color>#c0392b</osmand:color><osmand:icon>special_symbol_remove</osmand:icon><osmand:background>octagon</osmand:background></extensions>
</wpt>
<wpt lat="38.67268" lon="-9.24893">
  <name>⛔ pontão — 100 m</name>
  <desc>Proibido pescar a menos de 100 m. Base: edital da Capitania de Lisboa.</desc>
  <type>Proibições</type>
  <extensions><osmand:color>#c0392b</osmand:color><osmand:icon>special_symbol_remove</osmand:icon><osmand:background>octagon</osmand:background></extensions>
</wpt>
<wpt lat="38.67197" lon="-9.25283">
  <name>⛔ pontão — 100 m</name>
  <desc>Proibido pescar a menos de 100 m. Base: edital da Capitania de Lisboa.</desc>
  <type>Proibições</type>
  <extensions><osmand:color>#c0392b</osmand:color><osmand:icon>special_symbol_remove</osmand:icon><osmand:background>octagon</osmand:background></extensions>
</wpt>
<wpt lat="38.67199" lon="-9.25228">
  <name>⛔ pontão — 100 m</name>
  <desc>Proibido pescar a menos de 100 m. Base: edital da Capitania de Lisboa.</desc>
  <type>Proibições</type>
  <extensions><osmand:color>#c0392b</osmand:color><osmand:icon>special_symbol_remove</osmand:icon><osmand:background>octagon</osmand:background></extensions>
</wpt>
<wpt lat="38.67288" lon="-9.24842">
  <name>⛔ pontão — 100 m</name>
  <desc>Proibido pescar a menos de 100 m. Base: edital da Capitania de Lisboa.</desc>
  <type>Proibições</type>
  <extensions><osmand:color>#c0392b</osmand:color><osmand:icon>special_symbol_remove</osmand:icon><osmand:background>octagon</osmand:background></extensions>
</wpt>
<wpt lat="38.66933" lon="-9.02133">
  <name>⛔ pontão — 100 m</name>
  <desc>Proibido pescar a menos de 100 m. Base: edital da Capitania de Lisboa.</desc>
  <type>Proibições</type>
  <extensions><osmand:color>#c0392b</osmand:color><osmand:icon>special_symbol_remove</osmand:icon><osmand:background>octagon</osmand:background></extensions>
</wpt>
<wpt lat="38.65685" lon="-9.03219">
  <name>⛔ pontão — 100 m</name>
  <desc>Proibido pescar a menos de 100 m. Base: edital da Capitania de Lisboa.</desc>
  <type>Proibições</type>
  <extensions><osmand:color>#c0392b</osmand:color><osmand:icon>special_symbol_remove</osmand:icon><osmand:background>octagon</osmand:background></extensions>
</wpt>
<wpt lat="38.65692" lon="-9.032">
  <name>⛔ pontão — 100 m</name>
  <desc>Proibido pescar a menos de 100 m. Base: edital da Capitania de Lisboa.</desc>
  <type>Proibições</type>
  <extensions><osmand:color>#c0392b</osmand:color><osmand:icon>special_symbol_remove</osmand:icon><osmand:background>octagon</osmand:background></extensions>
</wpt>
<wpt lat="38.66962" lon="-9.04364">
  <name>⛔ pontão — 100 m</name>
  <desc>Proibido pescar a menos de 100 m. Base: edital da Capitania de Lisboa.</desc>
  <type>Proibições</type>
  <extensions><osmand:color>#c0392b</osmand:color><osmand:icon>special_symbol_remove</osmand:icon><osmand:background>octagon</osmand:background></extensions>
</wpt>
<wpt lat="38.66841" lon="-9.04317">
  <name>⛔ pontão — 100 m</name>
  <desc>Proibido pescar a menos de 100 m. Base: edital da Capitania de Lisboa.</desc>
  <type>Proibições</type>
  <extensions><osmand:color>#c0392b</osmand:color><osmand:icon>special_symbol_remove</osmand:icon><osmand:background>octagon</osmand:background></extensions>
</wpt>
<wpt lat="38.6671" lon="-9.04313">
  <name>⛔ pontão — 100 m</name>
  <desc>Proibido pescar a menos de 100 m. Base: edital da Capitania de Lisboa.</desc>
  <type>Proibições</type>
  <extensions><osmand:color>#c0392b</osmand:color><osmand:icon>special_symbol_remove</osmand:icon><osmand:background>octagon</osmand:background></extensions>
</wpt>
<wpt lat="38.66897" lon="-9.04321">
  <name>⛔ pontão — 100 m</name>
  <desc>Proibido pescar a menos de 100 m. Base: edital da Capitania de Lisboa.</desc>
  <type>Proibições</type>
  <extensions><osmand:color>#c0392b</osmand:color><osmand:icon>special_symbol_remove</osmand:icon><osmand:background>octagon</osmand:background></extensions>
</wpt>
<wpt lat="38.70122" lon="-8.97695">
  <name>⛔ pontão — 100 m</name>
  <desc>Proibido pescar a menos de 100 m. Base: edital da Capitania de Lisboa.</desc>
  <type>Proibições</type>
  <extensions><osmand:color>#c0392b</osmand:color><osmand:icon>special_symbol_remove</osmand:icon><osmand:background>octagon</osmand:background></extensions>
</wpt>
<wpt lat="38.70128" lon="-8.97705">
  <name>⛔ pontão — 100 m</name>
  <desc>Proibido pescar a menos de 100 m. Base: edital da Capitania de Lisboa.</desc>
  <type>Proibições</type>
  <extensions><osmand:color>#c0392b</osmand:color><osmand:icon>special_symbol_remove</osmand:icon><osmand:background>octagon</osmand:background></extensions>
</wpt>
<wpt lat="38.67097" lon="-9.04359">
  <name>⛔ pontão — 100 m</name>
  <desc>Proibido pescar a menos de 100 m. Base: edital da Capitania de Lisboa.</desc>
  <type>Proibições</type>
  <extensions><osmand:color>#c0392b</osmand:color><osmand:icon>special_symbol_remove</osmand:icon><osmand:background>octagon</osmand:background></extensions>
</wpt>
<wpt lat="38.67134" lon="-9.04364">
  <name>⛔ pontão — 100 m</name>
  <desc>Proibido pescar a menos de 100 m. Base: edital da Capitania de Lisboa.</desc>
  <type>Proibições</type>
  <extensions><osmand:color>#c0392b</osmand:color><osmand:icon>special_symbol_remove</osmand:icon><osmand:background>octagon</osmand:background></extensions>
</wpt>
<wpt lat="38.67071" lon="-9.04355">
  <name>⛔ pontão — 100 m</name>
  <desc>Proibido pescar a menos de 100 m. Base: edital da Capitania de Lisboa.</desc>
  <type>Proibições</type>
  <extensions><osmand:color>#c0392b</osmand:color><osmand:icon>special_symbol_remove</osmand:icon><osmand:background>octagon</osmand:background></extensions>
</wpt>
<wpt lat="38.72201" lon="-9.19509">
  <name>⛔ unidade militar — 100 m · Estação transmissora do Moin</name>
  <desc>Proibido pescar a menos de 100 m. Base: edital da Capitania de Lisboa.</desc>
  <type>Proibições</type>
  <extensions><osmand:color>#c0392b</osmand:color><osmand:icon>special_symbol_remove</osmand:icon><osmand:background>octagon</osmand:background></extensions>
</wpt>
<wpt lat="38.67556" lon="-9.22217">
  <name>⛔ unidade militar — 100 m · Cais Militar do Portinho da </name>
  <desc>Proibido pescar a menos de 100 m. Base: edital da Capitania de Lisboa.</desc>
  <type>Proibições</type>
  <extensions><osmand:color>#c0392b</osmand:color><osmand:icon>special_symbol_remove</osmand:icon><osmand:background>octagon</osmand:background></extensions>
</wpt>
<wpt lat="38.73903" lon="-9.1819">
  <name>⛔ unidade militar — 100 m</name>
  <desc>Proibido pescar a menos de 100 m. Base: edital da Capitania de Lisboa.</desc>
  <type>Proibições</type>
  <extensions><osmand:color>#c0392b</osmand:color><osmand:icon>special_symbol_remove</osmand:icon><osmand:background>octagon</osmand:background></extensions>
</wpt>
<wpt lat="38.70907" lon="-9.16712">
  <name>⛔ unidade militar — 100 m · Comando da Logística do Exér</name>
  <desc>Proibido pescar a menos de 100 m. Base: edital da Capitania de Lisboa.</desc>
  <type>Proibições</type>
  <extensions><osmand:color>#c0392b</osmand:color><osmand:icon>special_symbol_remove</osmand:icon><osmand:background>octagon</osmand:background></extensions>
</wpt>
<wpt lat="38.70857" lon="-9.15799">
  <name>⛔ unidade militar — 100 m · Instituto Hidrográfico</name>
  <desc>Proibido pescar a menos de 100 m. Base: edital da Capitania de Lisboa.</desc>
  <type>Proibições</type>
  <extensions><osmand:color>#c0392b</osmand:color><osmand:icon>special_symbol_remove</osmand:icon><osmand:background>octagon</osmand:background></extensions>
</wpt>
<wpt lat="38.69252" lon="-9.21245">
  <name>⛔ pontão — 100 m</name>
  <desc>Proibido pescar a menos de 100 m. Base: edital da Capitania de Lisboa.</desc>
  <type>Proibições</type>
  <extensions><osmand:color>#c0392b</osmand:color><osmand:icon>special_symbol_remove</osmand:icon><osmand:background>octagon</osmand:background></extensions>
</wpt>
<wpt lat="38.73372" lon="-9.10871">
  <name>⛔ unidade militar — 100 m</name>
  <desc>Proibido pescar a menos de 100 m. Base: edital da Capitania de Lisboa.</desc>
  <type>Proibições</type>
  <extensions><osmand:color>#c0392b</osmand:color><osmand:icon>special_symbol_remove</osmand:icon><osmand:background>octagon</osmand:background></extensions>
</wpt>
<wpt lat="38.75379" lon="-9.09377">
  <name>⛔ pontão — 100 m</name>
  <desc>Proibido pescar a menos de 100 m. Base: edital da Capitania de Lisboa.</desc>
  <type>Proibições</type>
  <extensions><osmand:color>#c0392b</osmand:color><osmand:icon>special_symbol_remove</osmand:icon><osmand:background>octagon</osmand:background></extensions>
</wpt>
<wpt lat="38.75374" lon="-9.09373">
  <name>⛔ pontão — 100 m</name>
  <desc>Proibido pescar a menos de 100 m. Base: edital da Capitania de Lisboa.</desc>
  <type>Proibições</type>
  <extensions><osmand:color>#c0392b</osmand:color><osmand:icon>special_symbol_remove</osmand:icon><osmand:background>octagon</osmand:background></extensions>
</wpt>
<wpt lat="38.75505" lon="-9.09395">
  <name>⛔ pontão — 100 m</name>
  <desc>Proibido pescar a menos de 100 m. Base: edital da Capitania de Lisboa.</desc>
  <type>Proibições</type>
  <extensions><osmand:color>#c0392b</osmand:color><osmand:icon>special_symbol_remove</osmand:icon><osmand:background>octagon</osmand:background></extensions>
</wpt>
<wpt lat="38.75343" lon="-9.09328">
  <name>⛔ pontão — 100 m</name>
  <desc>Proibido pescar a menos de 100 m. Base: edital da Capitania de Lisboa.</desc>
  <type>Proibições</type>
  <extensions><osmand:color>#c0392b</osmand:color><osmand:icon>special_symbol_remove</osmand:icon><osmand:background>octagon</osmand:background></extensions>
</wpt>
<wpt lat="38.73022" lon="-9.18775">
  <name>⛔ unidade militar — 100 m · Comando Aéreo da Força Aérea</name>
  <desc>Proibido pescar a menos de 100 m. Base: edital da Capitania de Lisboa.</desc>
  <type>Proibições</type>
  <extensions><osmand:color>#c0392b</osmand:color><osmand:icon>special_symbol_remove</osmand:icon><osmand:background>octagon</osmand:background></extensions>
</wpt>
<wpt lat="38.73198" lon="-9.18731">
  <name>⛔ unidade militar — 100 m · Centro de Comunicações de Da</name>
  <desc>Proibido pescar a menos de 100 m. Base: edital da Capitania de Lisboa.</desc>
  <type>Proibições</type>
  <extensions><osmand:color>#c0392b</osmand:color><osmand:icon>special_symbol_remove</osmand:icon><osmand:background>octagon</osmand:background></extensions>
</wpt>
<wpt lat="38.70377" lon="-9.22215">
  <name>⛔ unidade militar — 100 m · Forte do Alto do Duque</name>
  <desc>Proibido pescar a menos de 100 m. Base: edital da Capitania de Lisboa.</desc>
  <type>Proibições</type>
  <extensions><osmand:color>#c0392b</osmand:color><osmand:icon>special_symbol_remove</osmand:icon><osmand:background>octagon</osmand:background></extensions>
</wpt>
<wpt lat="38.75352" lon="-9.09311">
  <name>⛔ pontão — 100 m · Combustiveis</name>
  <desc>Proibido pescar a menos de 100 m. Base: edital da Capitania de Lisboa.</desc>
  <type>Proibições</type>
  <extensions><osmand:color>#c0392b</osmand:color><osmand:icon>special_symbol_remove</osmand:icon><osmand:background>octagon</osmand:background></extensions>
</wpt>
<wpt lat="38.75419" lon="-9.09346">
  <name>⛔ pontão — 100 m · Cais de Espera</name>
  <desc>Proibido pescar a menos de 100 m. Base: edital da Capitania de Lisboa.</desc>
  <type>Proibições</type>
  <extensions><osmand:color>#c0392b</osmand:color><osmand:icon>special_symbol_remove</osmand:icon><osmand:background>octagon</osmand:background></extensions>
</wpt>
<wpt lat="38.7535" lon="-9.09291">
  <name>⛔ pontão — 100 m</name>
  <desc>Proibido pescar a menos de 100 m. Base: edital da Capitania de Lisboa.</desc>
  <type>Proibições</type>
  <extensions><osmand:color>#c0392b</osmand:color><osmand:icon>special_symbol_remove</osmand:icon><osmand:background>octagon</osmand:background></extensions>
</wpt>
<wpt lat="38.75414" lon="-9.09384">
  <name>⛔ pontão — 100 m</name>
  <desc>Proibido pescar a menos de 100 m. Base: edital da Capitania de Lisboa.</desc>
  <type>Proibições</type>
  <extensions><osmand:color>#c0392b</osmand:color><osmand:icon>special_symbol_remove</osmand:icon><osmand:background>octagon</osmand:background></extensions>
</wpt>
<wpt lat="38.75729" lon="-9.09331">
  <name>⛔ pontão — 100 m</name>
  <desc>Proibido pescar a menos de 100 m. Base: edital da Capitania de Lisboa.</desc>
  <type>Proibições</type>
  <extensions><osmand:color>#c0392b</osmand:color><osmand:icon>special_symbol_remove</osmand:icon><osmand:background>octagon</osmand:background></extensions>
</wpt>
<wpt lat="38.75859" lon="-9.09197">
  <name>⛔ pontão — 100 m</name>
  <desc>Proibido pescar a menos de 100 m. Base: edital da Capitania de Lisboa.</desc>
  <type>Proibições</type>
  <extensions><osmand:color>#c0392b</osmand:color><osmand:icon>special_symbol_remove</osmand:icon><osmand:background>octagon</osmand:background></extensions>
</wpt>
<wpt lat="38.75785" lon="-9.09295">
  <name>⛔ pontão — 100 m · J</name>
  <desc>Proibido pescar a menos de 100 m. Base: edital da Capitania de Lisboa.</desc>
  <type>Proibições</type>
  <extensions><osmand:color>#c0392b</osmand:color><osmand:icon>special_symbol_remove</osmand:icon><osmand:background>octagon</osmand:background></extensions>
</wpt>
<wpt lat="38.75825" lon="-9.09284">
  <name>⛔ pontão — 100 m · L</name>
  <desc>Proibido pescar a menos de 100 m. Base: edital da Capitania de Lisboa.</desc>
  <type>Proibições</type>
  <extensions><osmand:color>#c0392b</osmand:color><osmand:icon>special_symbol_remove</osmand:icon><osmand:background>octagon</osmand:background></extensions>
</wpt>
<wpt lat="38.69327" lon="-9.21268">
  <name>⛔ pontão — 100 m</name>
  <desc>Proibido pescar a menos de 100 m. Base: edital da Capitania de Lisboa.</desc>
  <type>Proibições</type>
  <extensions><osmand:color>#c0392b</osmand:color><osmand:icon>special_symbol_remove</osmand:icon><osmand:background>octagon</osmand:background></extensions>
</wpt>
<wpt lat="38.69288" lon="-9.21258">
  <name>⛔ pontão — 100 m</name>
  <desc>Proibido pescar a menos de 100 m. Base: edital da Capitania de Lisboa.</desc>
  <type>Proibições</type>
  <extensions><osmand:color>#c0392b</osmand:color><osmand:icon>special_symbol_remove</osmand:icon><osmand:background>octagon</osmand:background></extensions>
</wpt>
<wpt lat="38.66048" lon="-9.29888">
  <name>⛔ farol — 100 m · Farol do Bugio</name>
  <desc>Proibido pescar a menos de 100 m. Base: edital da Capitania de Lisboa.</desc>
  <type>Proibições</type>
  <extensions><osmand:color>#c0392b</osmand:color><osmand:icon>special_symbol_remove</osmand:icon><osmand:background>octagon</osmand:background></extensions>
</wpt>
<wpt lat="38.652" lon="-9.08064">
  <name>⛔ pontão — 100 m</name>
  <desc>Proibido pescar a menos de 100 m. Base: edital da Capitania de Lisboa.</desc>
  <type>Proibições</type>
  <extensions><osmand:color>#c0392b</osmand:color><osmand:icon>special_symbol_remove</osmand:icon><osmand:background>octagon</osmand:background></extensions>
</wpt>
<wpt lat="38.69188" lon="-9.21388">
  <name>⛔ pontão — 100 m</name>
  <desc>Proibido pescar a menos de 100 m. Base: edital da Capitania de Lisboa.</desc>
  <type>Proibições</type>
  <extensions><osmand:color>#c0392b</osmand:color><osmand:icon>special_symbol_remove</osmand:icon><osmand:background>octagon</osmand:background></extensions>
</wpt>
<wpt lat="38.69172" lon="-9.21384">
  <name>⛔ pontão — 100 m</name>
  <desc>Proibido pescar a menos de 100 m. Base: edital da Capitania de Lisboa.</desc>
  <type>Proibições</type>
  <extensions><osmand:color>#c0392b</osmand:color><osmand:icon>special_symbol_remove</osmand:icon><osmand:background>octagon</osmand:background></extensions>
</wpt>
<wpt lat="38.66615" lon="-9.14367">
  <name>⛔ pontão — 100 m</name>
  <desc>Proibido pescar a menos de 100 m. Base: edital da Capitania de Lisboa.</desc>
  <type>Proibições</type>
  <extensions><osmand:color>#c0392b</osmand:color><osmand:icon>special_symbol_remove</osmand:icon><osmand:background>octagon</osmand:background></extensions>
</wpt>
<wpt lat="38.67002" lon="-9.1481">
  <name>⛔ pontão — 100 m</name>
  <desc>Proibido pescar a menos de 100 m. Base: edital da Capitania de Lisboa.</desc>
  <type>Proibições</type>
  <extensions><osmand:color>#c0392b</osmand:color><osmand:icon>special_symbol_remove</osmand:icon><osmand:background>octagon</osmand:background></extensions>
</wpt>
<wpt lat="38.67018" lon="-9.14132">
  <name>⛔ pontão — 100 m</name>
  <desc>Proibido pescar a menos de 100 m. Base: edital da Capitania de Lisboa.</desc>
  <type>Proibições</type>
  <extensions><osmand:color>#c0392b</osmand:color><osmand:icon>special_symbol_remove</osmand:icon><osmand:background>octagon</osmand:background></extensions>
</wpt>
<wpt lat="38.66631" lon="-9.14671">
  <name>⛔ pontão — 100 m</name>
  <desc>Proibido pescar a menos de 100 m. Base: edital da Capitania de Lisboa.</desc>
  <type>Proibições</type>
  <extensions><osmand:color>#c0392b</osmand:color><osmand:icon>special_symbol_remove</osmand:icon><osmand:background>octagon</osmand:background></extensions>
</wpt>
<wpt lat="38.66595" lon="-9.14455">
  <name>⛔ pontão — 100 m</name>
  <desc>Proibido pescar a menos de 100 m. Base: edital da Capitania de Lisboa.</desc>
  <type>Proibições</type>
  <extensions><osmand:color>#c0392b</osmand:color><osmand:icon>special_symbol_remove</osmand:icon><osmand:background>octagon</osmand:background></extensions>
</wpt>
<wpt lat="38.67086" lon="-9.14899">
  <name>⛔ pontão — 100 m</name>
  <desc>Proibido pescar a menos de 100 m. Base: edital da Capitania de Lisboa.</desc>
  <type>Proibições</type>
  <extensions><osmand:color>#c0392b</osmand:color><osmand:icon>special_symbol_remove</osmand:icon><osmand:background>octagon</osmand:background></extensions>
</wpt>
<wpt lat="38.66886" lon="-9.14698">
  <name>⛔ pontão — 100 m</name>
  <desc>Proibido pescar a menos de 100 m. Base: edital da Capitania de Lisboa.</desc>
  <type>Proibições</type>
  <extensions><osmand:color>#c0392b</osmand:color><osmand:icon>special_symbol_remove</osmand:icon><osmand:background>octagon</osmand:background></extensions>
</wpt>
<wpt lat="38.67139" lon="-9.15">
  <name>⛔ pontão — 100 m</name>
  <desc>Proibido pescar a menos de 100 m. Base: edital da Capitania de Lisboa.</desc>
  <type>Proibições</type>
  <extensions><osmand:color>#c0392b</osmand:color><osmand:icon>special_symbol_remove</osmand:icon><osmand:background>octagon</osmand:background></extensions>
</wpt>
<wpt lat="38.66618" lon="-9.14603">
  <name>⛔ pontão — 100 m</name>
  <desc>Proibido pescar a menos de 100 m. Base: edital da Capitania de Lisboa.</desc>
  <type>Proibições</type>
  <extensions><osmand:color>#c0392b</osmand:color><osmand:icon>special_symbol_remove</osmand:icon><osmand:background>octagon</osmand:background></extensions>
</wpt>
<wpt lat="38.66598" lon="-9.14295">
  <name>⛔ pontão — 100 m</name>
  <desc>Proibido pescar a menos de 100 m. Base: edital da Capitania de Lisboa.</desc>
  <type>Proibições</type>
  <extensions><osmand:color>#c0392b</osmand:color><osmand:icon>special_symbol_remove</osmand:icon><osmand:background>octagon</osmand:background></extensions>
</wpt>
<wpt lat="38.76608" lon="-9.19619">
  <name>⛔ unidade militar — 100 m · Quartel da Pontinha</name>
  <desc>Proibido pescar a menos de 100 m. Base: edital da Capitania de Lisboa.</desc>
  <type>Proibições</type>
  <extensions><osmand:color>#c0392b</osmand:color><osmand:icon>special_symbol_remove</osmand:icon><osmand:background>octagon</osmand:background></extensions>
</wpt>
<wpt lat="38.72838" lon="-9.26758">
  <name>⛔ unidade militar — 100 m</name>
  <desc>Proibido pescar a menos de 100 m. Base: edital da Capitania de Lisboa.</desc>
  <type>Proibições</type>
  <extensions><osmand:color>#c0392b</osmand:color><osmand:icon>special_symbol_remove</osmand:icon><osmand:background>octagon</osmand:background></extensions>
</wpt>
<wpt lat="38.69829" lon="-9.222">
  <name>⛔ unidade militar — 100 m · Instituto de Estudos Superio</name>
  <desc>Proibido pescar a menos de 100 m. Base: edital da Capitania de Lisboa.</desc>
  <type>Proibições</type>
  <extensions><osmand:color>#c0392b</osmand:color><osmand:icon>special_symbol_remove</osmand:icon><osmand:background>octagon</osmand:background></extensions>
</wpt>
<wpt lat="38.64489" lon="-9.10472">
  <name>⛔ pontão — 100 m</name>
  <desc>Proibido pescar a menos de 100 m. Base: edital da Capitania de Lisboa.</desc>
  <type>Proibições</type>
  <extensions><osmand:color>#c0392b</osmand:color><osmand:icon>special_symbol_remove</osmand:icon><osmand:background>octagon</osmand:background></extensions>
</wpt>
<wpt lat="38.64496" lon="-9.10478">
  <name>⛔ pontão — 100 m</name>
  <desc>Proibido pescar a menos de 100 m. Base: edital da Capitania de Lisboa.</desc>
  <type>Proibições</type>
  <extensions><osmand:color>#c0392b</osmand:color><osmand:icon>special_symbol_remove</osmand:icon><osmand:background>octagon</osmand:background></extensions>
</wpt>
<wpt lat="38.67751" lon="-9.20895">
  <name>⛔ pontão — 100 m</name>
  <desc>Proibido pescar a menos de 100 m. Base: edital da Capitania de Lisboa.</desc>
  <type>Proibições</type>
  <extensions><osmand:color>#c0392b</osmand:color><osmand:icon>special_symbol_remove</osmand:icon><osmand:background>octagon</osmand:background></extensions>
</wpt>
<wpt lat="38.6693" lon="-9.14192">
  <name>⛔ pontão — 100 m</name>
  <desc>Proibido pescar a menos de 100 m. Base: edital da Capitania de Lisboa.</desc>
  <type>Proibições</type>
  <extensions><osmand:color>#c0392b</osmand:color><osmand:icon>special_symbol_remove</osmand:icon><osmand:background>octagon</osmand:background></extensions>
</wpt>
<wpt lat="38.70206" lon="-9.16867">
  <name>⛔ pontão — 100 m</name>
  <desc>Proibido pescar a menos de 100 m. Base: edital da Capitania de Lisboa.</desc>
  <type>Proibições</type>
  <extensions><osmand:color>#c0392b</osmand:color><osmand:icon>special_symbol_remove</osmand:icon><osmand:background>octagon</osmand:background></extensions>
</wpt>
<wpt lat="38.70143" lon="-9.17151">
  <name>⛔ pontão — 100 m</name>
  <desc>Proibido pescar a menos de 100 m. Base: edital da Capitania de Lisboa.</desc>
  <type>Proibições</type>
  <extensions><osmand:color>#c0392b</osmand:color><osmand:icon>special_symbol_remove</osmand:icon><osmand:background>octagon</osmand:background></extensions>
</wpt>
<wpt lat="38.70181" lon="-9.17021">
  <name>⛔ pontão — 100 m</name>
  <desc>Proibido pescar a menos de 100 m. Base: edital da Capitania de Lisboa.</desc>
  <type>Proibições</type>
  <extensions><osmand:color>#c0392b</osmand:color><osmand:icon>special_symbol_remove</osmand:icon><osmand:background>octagon</osmand:background></extensions>
</wpt>
<wpt lat="38.70122" lon="-9.16821">
  <name>⛔ pontão — 100 m</name>
  <desc>Proibido pescar a menos de 100 m. Base: edital da Capitania de Lisboa.</desc>
  <type>Proibições</type>
  <extensions><osmand:color>#c0392b</osmand:color><osmand:icon>special_symbol_remove</osmand:icon><osmand:background>octagon</osmand:background></extensions>
</wpt>
<wpt lat="38.70046" lon="-9.17201">
  <name>⛔ pontão — 100 m</name>
  <desc>Proibido pescar a menos de 100 m. Base: edital da Capitania de Lisboa.</desc>
  <type>Proibições</type>
  <extensions><osmand:color>#c0392b</osmand:color><osmand:icon>special_symbol_remove</osmand:icon><osmand:background>octagon</osmand:background></extensions>
</wpt>
<wpt lat="38.70178" lon="-9.17018">
  <name>⛔ pontão — 100 m</name>
  <desc>Proibido pescar a menos de 100 m. Base: edital da Capitania de Lisboa.</desc>
  <type>Proibições</type>
  <extensions><osmand:color>#c0392b</osmand:color><osmand:icon>special_symbol_remove</osmand:icon><osmand:background>octagon</osmand:background></extensions>
</wpt>
<wpt lat="38.70204" lon="-9.16142">
  <name>⛔ pontão — 100 m</name>
  <desc>Proibido pescar a menos de 100 m. Base: edital da Capitania de Lisboa.</desc>
  <type>Proibições</type>
  <extensions><osmand:color>#c0392b</osmand:color><osmand:icon>special_symbol_remove</osmand:icon><osmand:background>octagon</osmand:background></extensions>
</wpt>
<wpt lat="38.70139" lon="-9.16727">
  <name>⛔ pontão — 100 m</name>
  <desc>Proibido pescar a menos de 100 m. Base: edital da Capitania de Lisboa.</desc>
  <type>Proibições</type>
  <extensions><osmand:color>#c0392b</osmand:color><osmand:icon>special_symbol_remove</osmand:icon><osmand:background>octagon</osmand:background></extensions>
</wpt>
<wpt lat="38.70073" lon="-9.17098">
  <name>⛔ pontão — 100 m</name>
  <desc>Proibido pescar a menos de 100 m. Base: edital da Capitania de Lisboa.</desc>
  <type>Proibições</type>
  <extensions><osmand:color>#c0392b</osmand:color><osmand:icon>special_symbol_remove</osmand:icon><osmand:background>octagon</osmand:background></extensions>
</wpt>
<wpt lat="38.70233" lon="-9.16735">
  <name>⛔ pontão — 100 m</name>
  <desc>Proibido pescar a menos de 100 m. Base: edital da Capitania de Lisboa.</desc>
  <type>Proibições</type>
  <extensions><osmand:color>#c0392b</osmand:color><osmand:icon>special_symbol_remove</osmand:icon><osmand:background>octagon</osmand:background></extensions>
</wpt>
<wpt lat="38.70131" lon="-9.16772">
  <name>⛔ pontão — 100 m</name>
  <desc>Proibido pescar a menos de 100 m. Base: edital da Capitania de Lisboa.</desc>
  <type>Proibições</type>
  <extensions><osmand:color>#c0392b</osmand:color><osmand:icon>special_symbol_remove</osmand:icon><osmand:background>octagon</osmand:background></extensions>
</wpt>
<wpt lat="38.70061" lon="-9.17157">
  <name>⛔ pontão — 100 m</name>
  <desc>Proibido pescar a menos de 100 m. Base: edital da Capitania de Lisboa.</desc>
  <type>Proibições</type>
  <extensions><osmand:color>#c0392b</osmand:color><osmand:icon>special_symbol_remove</osmand:icon><osmand:background>octagon</osmand:background></extensions>
</wpt>
<wpt lat="38.70112" lon="-9.16876">
  <name>⛔ pontão — 100 m</name>
  <desc>Proibido pescar a menos de 100 m. Base: edital da Capitania de Lisboa.</desc>
  <type>Proibições</type>
  <extensions><osmand:color>#c0392b</osmand:color><osmand:icon>special_symbol_remove</osmand:icon><osmand:background>octagon</osmand:background></extensions>
</wpt>
<wpt lat="38.70287" lon="-9.16434">
  <name>⛔ pontão — 100 m</name>
  <desc>Proibido pescar a menos de 100 m. Base: edital da Capitania de Lisboa.</desc>
  <type>Proibições</type>
  <extensions><osmand:color>#c0392b</osmand:color><osmand:icon>special_symbol_remove</osmand:icon><osmand:background>octagon</osmand:background></extensions>
</wpt>
<wpt lat="38.70071" lon="-9.17154">
  <name>⛔ pontão — 100 m</name>
  <desc>Proibido pescar a menos de 100 m. Base: edital da Capitania de Lisboa.</desc>
  <type>Proibições</type>
  <extensions><osmand:color>#c0392b</osmand:color><osmand:icon>special_symbol_remove</osmand:icon><osmand:background>octagon</osmand:background></extensions>
</wpt>
<wpt lat="38.70198" lon="-9.1613">
  <name>⛔ pontão — 100 m</name>
  <desc>Proibido pescar a menos de 100 m. Base: edital da Capitania de Lisboa.</desc>
  <type>Proibições</type>
  <extensions><osmand:color>#c0392b</osmand:color><osmand:icon>special_symbol_remove</osmand:icon><osmand:background>octagon</osmand:background></extensions>
</wpt>
<wpt lat="38.70128" lon="-9.16655">
  <name>⛔ pontão — 100 m</name>
  <desc>Proibido pescar a menos de 100 m. Base: edital da Capitania de Lisboa.</desc>
  <type>Proibições</type>
  <extensions><osmand:color>#c0392b</osmand:color><osmand:icon>special_symbol_remove</osmand:icon><osmand:background>octagon</osmand:background></extensions>
</wpt>
<wpt lat="38.7027" lon="-9.16527">
  <name>⛔ pontão — 100 m</name>
  <desc>Proibido pescar a menos de 100 m. Base: edital da Capitania de Lisboa.</desc>
  <type>Proibições</type>
  <extensions><osmand:color>#c0392b</osmand:color><osmand:icon>special_symbol_remove</osmand:icon><osmand:background>octagon</osmand:background></extensions>
</wpt>
<wpt lat="38.69477" lon="-9.20409">
  <name>⛔ pontão — 100 m</name>
  <desc>Proibido pescar a menos de 100 m. Base: edital da Capitania de Lisboa.</desc>
  <type>Proibições</type>
  <extensions><osmand:color>#c0392b</osmand:color><osmand:icon>special_symbol_remove</osmand:icon><osmand:background>octagon</osmand:background></extensions>
</wpt>
<wpt lat="38.65245" lon="-9.12387">
  <name>⛔ unidade militar — 100 m</name>
  <desc>Proibido pescar a menos de 100 m. Base: edital da Capitania de Lisboa.</desc>
  <type>Proibições</type>
  <extensions><osmand:color>#c0392b</osmand:color><osmand:icon>special_symbol_remove</osmand:icon><osmand:background>octagon</osmand:background></extensions>
</wpt>
<wpt lat="38.72927" lon="-9.00864">
  <name>⛔ pontão — 100 m</name>
  <desc>Proibido pescar a menos de 100 m. Base: edital da Capitania de Lisboa.</desc>
  <type>Proibições</type>
  <extensions><osmand:color>#c0392b</osmand:color><osmand:icon>special_symbol_remove</osmand:icon><osmand:background>octagon</osmand:background></extensions>
</wpt>
<wpt lat="38.72976" lon="-9.00823">
  <name>⛔ pontão — 100 m</name>
  <desc>Proibido pescar a menos de 100 m. Base: edital da Capitania de Lisboa.</desc>
  <type>Proibições</type>
  <extensions><osmand:color>#c0392b</osmand:color><osmand:icon>special_symbol_remove</osmand:icon><osmand:background>octagon</osmand:background></extensions>
</wpt>
<wpt lat="38.72923" lon="-9.00867">
  <name>⛔ pontão — 100 m</name>
  <desc>Proibido pescar a menos de 100 m. Base: edital da Capitania de Lisboa.</desc>
  <type>Proibições</type>
  <extensions><osmand:color>#c0392b</osmand:color><osmand:icon>special_symbol_remove</osmand:icon><osmand:background>octagon</osmand:background></extensions>
</wpt>
<wpt lat="38.72941" lon="-9.00848">
  <name>⛔ pontão — 100 m</name>
  <desc>Proibido pescar a menos de 100 m. Base: edital da Capitania de Lisboa.</desc>
  <type>Proibições</type>
  <extensions><osmand:color>#c0392b</osmand:color><osmand:icon>special_symbol_remove</osmand:icon><osmand:background>octagon</osmand:background></extensions>
</wpt>
<wpt lat="38.72953" lon="-9.00836">
  <name>⛔ pontão — 100 m</name>
  <desc>Proibido pescar a menos de 100 m. Base: edital da Capitania de Lisboa.</desc>
  <type>Proibições</type>
  <extensions><osmand:color>#c0392b</osmand:color><osmand:icon>special_symbol_remove</osmand:icon><osmand:background>octagon</osmand:background></extensions>
</wpt>
<wpt lat="38.72913" lon="-9.00884">
  <name>⛔ pontão — 100 m</name>
  <desc>Proibido pescar a menos de 100 m. Base: edital da Capitania de Lisboa.</desc>
  <type>Proibições</type>
  <extensions><osmand:color>#c0392b</osmand:color><osmand:icon>special_symbol_remove</osmand:icon><osmand:background>octagon</osmand:background></extensions>
</wpt>
<wpt lat="38.73008" lon="-9.00814">
  <name>⛔ pontão — 100 m</name>
  <desc>Proibido pescar a menos de 100 m. Base: edital da Capitania de Lisboa.</desc>
  <type>Proibições</type>
  <extensions><osmand:color>#c0392b</osmand:color><osmand:icon>special_symbol_remove</osmand:icon><osmand:background>octagon</osmand:background></extensions>
</wpt>
<wpt lat="38.72988" lon="-9.00817">
  <name>⛔ pontão — 100 m</name>
  <desc>Proibido pescar a menos de 100 m. Base: edital da Capitania de Lisboa.</desc>
  <type>Proibições</type>
  <extensions><osmand:color>#c0392b</osmand:color><osmand:icon>special_symbol_remove</osmand:icon><osmand:background>octagon</osmand:background></extensions>
</wpt>
<wpt lat="38.72909" lon="-9.00896">
  <name>⛔ pontão — 100 m</name>
  <desc>Proibido pescar a menos de 100 m. Base: edital da Capitania de Lisboa.</desc>
  <type>Proibições</type>
  <extensions><osmand:color>#c0392b</osmand:color><osmand:icon>special_symbol_remove</osmand:icon><osmand:background>octagon</osmand:background></extensions>
</wpt>
<wpt lat="38.72958" lon="-9.00831">
  <name>⛔ pontão — 100 m</name>
  <desc>Proibido pescar a menos de 100 m. Base: edital da Capitania de Lisboa.</desc>
  <type>Proibições</type>
  <extensions><osmand:color>#c0392b</osmand:color><osmand:icon>special_symbol_remove</osmand:icon><osmand:background>octagon</osmand:background></extensions>
</wpt>
<wpt lat="38.72919" lon="-9.00871">
  <name>⛔ pontão — 100 m</name>
  <desc>Proibido pescar a menos de 100 m. Base: edital da Capitania de Lisboa.</desc>
  <type>Proibições</type>
  <extensions><osmand:color>#c0392b</osmand:color><osmand:icon>special_symbol_remove</osmand:icon><osmand:background>octagon</osmand:background></extensions>
</wpt>
<wpt lat="38.73003" lon="-9.00815">
  <name>⛔ pontão — 100 m</name>
  <desc>Proibido pescar a menos de 100 m. Base: edital da Capitania de Lisboa.</desc>
  <type>Proibições</type>
  <extensions><osmand:color>#c0392b</osmand:color><osmand:icon>special_symbol_remove</osmand:icon><osmand:background>octagon</osmand:background></extensions>
</wpt>
<wpt lat="38.73026" lon="-9.00808">
  <name>⛔ pontão — 100 m</name>
  <desc>Proibido pescar a menos de 100 m. Base: edital da Capitania de Lisboa.</desc>
  <type>Proibições</type>
  <extensions><osmand:color>#c0392b</osmand:color><osmand:icon>special_symbol_remove</osmand:icon><osmand:background>octagon</osmand:background></extensions>
</wpt>
<wpt lat="38.72937" lon="-9.00852">
  <name>⛔ pontão — 100 m</name>
  <desc>Proibido pescar a menos de 100 m. Base: edital da Capitania de Lisboa.</desc>
  <type>Proibições</type>
  <extensions><osmand:color>#c0392b</osmand:color><osmand:icon>special_symbol_remove</osmand:icon><osmand:background>octagon</osmand:background></extensions>
</wpt>
<wpt lat="38.73016" lon="-9.00813">
  <name>⛔ pontão — 100 m</name>
  <desc>Proibido pescar a menos de 100 m. Base: edital da Capitania de Lisboa.</desc>
  <type>Proibições</type>
  <extensions><osmand:color>#c0392b</osmand:color><osmand:icon>special_symbol_remove</osmand:icon><osmand:background>octagon</osmand:background></extensions>
</wpt>
<wpt lat="38.7291" lon="-9.0089">
  <name>⛔ pontão — 100 m</name>
  <desc>Proibido pescar a menos de 100 m. Base: edital da Capitania de Lisboa.</desc>
  <type>Proibições</type>
  <extensions><osmand:color>#c0392b</osmand:color><osmand:icon>special_symbol_remove</osmand:icon><osmand:background>octagon</osmand:background></extensions>
</wpt>
<wpt lat="38.72916" lon="-9.00876">
  <name>⛔ pontão — 100 m</name>
  <desc>Proibido pescar a menos de 100 m. Base: edital da Capitania de Lisboa.</desc>
  <type>Proibições</type>
  <extensions><osmand:color>#c0392b</osmand:color><osmand:icon>special_symbol_remove</osmand:icon><osmand:background>octagon</osmand:background></extensions>
</wpt>
<wpt lat="38.72982" lon="-9.00821">
  <name>⛔ pontão — 100 m</name>
  <desc>Proibido pescar a menos de 100 m. Base: edital da Capitania de Lisboa.</desc>
  <type>Proibições</type>
  <extensions><osmand:color>#c0392b</osmand:color><osmand:icon>special_symbol_remove</osmand:icon><osmand:background>octagon</osmand:background></extensions>
</wpt>
<wpt lat="38.73035" lon="-9.00813">
  <name>⛔ pontão — 100 m</name>
  <desc>Proibido pescar a menos de 100 m. Base: edital da Capitania de Lisboa.</desc>
  <type>Proibições</type>
  <extensions><osmand:color>#c0392b</osmand:color><osmand:icon>special_symbol_remove</osmand:icon><osmand:background>octagon</osmand:background></extensions>
</wpt>
<wpt lat="38.72934" lon="-9.00853">
  <name>⛔ pontão — 100 m</name>
  <desc>Proibido pescar a menos de 100 m. Base: edital da Capitania de Lisboa.</desc>
  <type>Proibições</type>
  <extensions><osmand:color>#c0392b</osmand:color><osmand:icon>special_symbol_remove</osmand:icon><osmand:background>octagon</osmand:background></extensions>
</wpt>
<wpt lat="38.72945" lon="-9.00844">
  <name>⛔ pontão — 100 m</name>
  <desc>Proibido pescar a menos de 100 m. Base: edital da Capitania de Lisboa.</desc>
  <type>Proibições</type>
  <extensions><osmand:color>#c0392b</osmand:color><osmand:icon>special_symbol_remove</osmand:icon><osmand:background>octagon</osmand:background></extensions>
</wpt>
<wpt lat="38.73014" lon="-9.00813">
  <name>⛔ pontão — 100 m</name>
  <desc>Proibido pescar a menos de 100 m. Base: edital da Capitania de Lisboa.</desc>
  <type>Proibições</type>
  <extensions><osmand:color>#c0392b</osmand:color><osmand:icon>special_symbol_remove</osmand:icon><osmand:background>octagon</osmand:background></extensions>
</wpt>
<wpt lat="38.72949" lon="-9.00841">
  <name>⛔ pontão — 100 m</name>
  <desc>Proibido pescar a menos de 100 m. Base: edital da Capitania de Lisboa.</desc>
  <type>Proibições</type>
  <extensions><osmand:color>#c0392b</osmand:color><osmand:icon>special_symbol_remove</osmand:icon><osmand:background>octagon</osmand:background></extensions>
</wpt>
<wpt lat="38.72995" lon="-9.00816">
  <name>⛔ pontão — 100 m</name>
  <desc>Proibido pescar a menos de 100 m. Base: edital da Capitania de Lisboa.</desc>
  <type>Proibições</type>
  <extensions><osmand:color>#c0392b</osmand:color><osmand:icon>special_symbol_remove</osmand:icon><osmand:background>octagon</osmand:background></extensions>
</wpt>
<wpt lat="38.73031" lon="-9.00814">
  <name>⛔ pontão — 100 m</name>
  <desc>Proibido pescar a menos de 100 m. Base: edital da Capitania de Lisboa.</desc>
  <type>Proibições</type>
  <extensions><osmand:color>#c0392b</osmand:color><osmand:icon>special_symbol_remove</osmand:icon><osmand:background>octagon</osmand:background></extensions>
</wpt>
<wpt lat="38.72968" lon="-9.00825">
  <name>⛔ pontão — 100 m</name>
  <desc>Proibido pescar a menos de 100 m. Base: edital da Capitania de Lisboa.</desc>
  <type>Proibições</type>
  <extensions><osmand:color>#c0392b</osmand:color><osmand:icon>special_symbol_remove</osmand:icon><osmand:background>octagon</osmand:background></extensions>
</wpt>
<wpt lat="38.65678" lon="-9.03178">
  <name>⛔ doca/marina — 100 m · Centro Náutico de Alhos Vedr</name>
  <desc>Proibido pescar a menos de 100 m. Base: edital da Capitania de Lisboa.</desc>
  <type>Proibições</type>
  <extensions><osmand:color>#c0392b</osmand:color><osmand:icon>special_symbol_remove</osmand:icon><osmand:background>octagon</osmand:background></extensions>
</wpt>
<wpt lat="38.65551" lon="-8.99572">
  <name>⛔ doca/marina — 100 m · Centro Náutico da Moita</name>
  <desc>Proibido pescar a menos de 100 m. Base: edital da Capitania de Lisboa.</desc>
  <type>Proibições</type>
  <extensions><osmand:color>#c0392b</osmand:color><osmand:icon>special_symbol_remove</osmand:icon><osmand:background>octagon</osmand:background></extensions>
</wpt>
<wpt lat="38.65512" lon="-8.99606">
  <name>⛔ pontão — 100 m</name>
  <desc>Proibido pescar a menos de 100 m. Base: edital da Capitania de Lisboa.</desc>
  <type>Proibições</type>
  <extensions><osmand:color>#c0392b</osmand:color><osmand:icon>special_symbol_remove</osmand:icon><osmand:background>octagon</osmand:background></extensions>
</wpt>
<wpt lat="38.6552" lon="-8.9959">
  <name>⛔ pontão — 100 m</name>
  <desc>Proibido pescar a menos de 100 m. Base: edital da Capitania de Lisboa.</desc>
  <type>Proibições</type>
  <extensions><osmand:color>#c0392b</osmand:color><osmand:icon>special_symbol_remove</osmand:icon><osmand:background>octagon</osmand:background></extensions>
</wpt>
<wpt lat="38.66994" lon="-9.00721">
  <name>⛔ pontão — 100 m</name>
  <desc>Proibido pescar a menos de 100 m. Base: edital da Capitania de Lisboa.</desc>
  <type>Proibições</type>
  <extensions><osmand:color>#c0392b</osmand:color><osmand:icon>special_symbol_remove</osmand:icon><osmand:background>octagon</osmand:background></extensions>
</wpt>
<wpt lat="38.63457" lon="-9.11312">
  <name>⛔ pontão — 100 m</name>
  <desc>Proibido pescar a menos de 100 m. Base: edital da Capitania de Lisboa.</desc>
  <type>Proibições</type>
  <extensions><osmand:color>#c0392b</osmand:color><osmand:icon>special_symbol_remove</osmand:icon><osmand:background>octagon</osmand:background></extensions>
</wpt>
<wpt lat="38.63451" lon="-9.11348">
  <name>⛔ pontão — 100 m</name>
  <desc>Proibido pescar a menos de 100 m. Base: edital da Capitania de Lisboa.</desc>
  <type>Proibições</type>
  <extensions><osmand:color>#c0392b</osmand:color><osmand:icon>special_symbol_remove</osmand:icon><osmand:background>octagon</osmand:background></extensions>
</wpt>
<wpt lat="38.63438" lon="-9.11299">
  <name>⛔ pontão — 100 m</name>
  <desc>Proibido pescar a menos de 100 m. Base: edital da Capitania de Lisboa.</desc>
  <type>Proibições</type>
  <extensions><osmand:color>#c0392b</osmand:color><osmand:icon>special_symbol_remove</osmand:icon><osmand:background>octagon</osmand:background></extensions>
</wpt>
<wpt lat="38.64279" lon="-9.12734">
  <name>⛔ pontão — 100 m</name>
  <desc>Proibido pescar a menos de 100 m. Base: edital da Capitania de Lisboa.</desc>
  <type>Proibições</type>
  <extensions><osmand:color>#c0392b</osmand:color><osmand:icon>special_symbol_remove</osmand:icon><osmand:background>octagon</osmand:background></extensions>
</wpt>
<wpt lat="38.6452" lon="-9.10456">
  <name>⛔ doca/marina — 100 m · Estação Náutica &quot;Baia do Sei</name>
  <desc>Proibido pescar a menos de 100 m. Base: edital da Capitania de Lisboa.</desc>
  <type>Proibições</type>
  <extensions><osmand:color>#c0392b</osmand:color><osmand:icon>special_symbol_remove</osmand:icon><osmand:background>octagon</osmand:background></extensions>
</wpt>
<wpt lat="38.63972" lon="-9.10624">
  <name>⛔ pontão — 100 m</name>
  <desc>Proibido pescar a menos de 100 m. Base: edital da Capitania de Lisboa.</desc>
  <type>Proibições</type>
  <extensions><osmand:color>#c0392b</osmand:color><osmand:icon>special_symbol_remove</osmand:icon><osmand:background>octagon</osmand:background></extensions>
</wpt>
<wpt lat="38.78207" lon="-9.12978">
  <name>⛔ unidade militar — 100 m · Aeródromo de Trânsito n.º 1 </name>
  <desc>Proibido pescar a menos de 100 m. Base: edital da Capitania de Lisboa.</desc>
  <type>Proibições</type>
  <extensions><osmand:color>#c0392b</osmand:color><osmand:icon>special_symbol_remove</osmand:icon><osmand:background>octagon</osmand:background></extensions>
</wpt>
<wpt lat="38.70414" lon="-9.15546">
  <name>⛔ pontão — 100 m · Cais da Viscondessa</name>
  <desc>Proibido pescar a menos de 100 m. Base: edital da Capitania de Lisboa.</desc>
  <type>Proibições</type>
  <extensions><osmand:color>#c0392b</osmand:color><osmand:icon>special_symbol_remove</osmand:icon><osmand:background>octagon</osmand:background></extensions>
</wpt>
<wpt lat="38.65679" lon="-9.14745">
  <name>⛔ unidade militar — 100 m · Serviços Sociais das Forças </name>
  <desc>Proibido pescar a menos de 100 m. Base: edital da Capitania de Lisboa.</desc>
  <type>Proibições</type>
  <extensions><osmand:color>#c0392b</osmand:color><osmand:icon>special_symbol_remove</osmand:icon><osmand:background>octagon</osmand:background></extensions>
</wpt>
<wpt lat="38.76721" lon="-9.17517">
  <name>⛔ unidade militar — 100 m · Hospital das Forças Armadas </name>
  <desc>Proibido pescar a menos de 100 m. Base: edital da Capitania de Lisboa.</desc>
  <type>Proibições</type>
  <extensions><osmand:color>#c0392b</osmand:color><osmand:icon>special_symbol_remove</osmand:icon><osmand:background>octagon</osmand:background></extensions>
</wpt>
<wpt lat="38.61127" lon="-9.04634">
  <name>⛔ unidade militar — 100 m · Carreira de Tiro da Escola d</name>
  <desc>Proibido pescar a menos de 100 m. Base: edital da Capitania de Lisboa.</desc>
  <type>Proibições</type>
  <extensions><osmand:color>#c0392b</osmand:color><osmand:icon>special_symbol_remove</osmand:icon><osmand:background>octagon</osmand:background></extensions>
</wpt>
<wpt lat="38.69109" lon="-9.2948">
  <name>⛔ unidade militar — 100 m · Direção de Faróis</name>
  <desc>Proibido pescar a menos de 100 m. Base: edital da Capitania de Lisboa.</desc>
  <type>Proibições</type>
  <extensions><osmand:color>#c0392b</osmand:color><osmand:icon>special_symbol_remove</osmand:icon><osmand:background>octagon</osmand:background></extensions>
</wpt>
<wpt lat="38.78806" lon="-9.09136">
  <name>⛔ pontão — 100 m</name>
  <desc>Proibido pescar a menos de 100 m. Base: edital da Capitania de Lisboa.</desc>
  <type>Proibições</type>
  <extensions><osmand:color>#c0392b</osmand:color><osmand:icon>special_symbol_remove</osmand:icon><osmand:background>octagon</osmand:background></extensions>
</wpt>
<wpt lat="38.70275" lon="-9.19862">
  <name>⛔ unidade militar — 100 m · Unidade de Segurança e Honra</name>
  <desc>Proibido pescar a menos de 100 m. Base: edital da Capitania de Lisboa.</desc>
  <type>Proibições</type>
  <extensions><osmand:color>#c0392b</osmand:color><osmand:icon>special_symbol_remove</osmand:icon><osmand:background>octagon</osmand:background></extensions>
</wpt>
<wpt lat="38.70498" lon="-9.14707">
  <name>⛔ pontão — 100 m</name>
  <desc>Proibido pescar a menos de 100 m. Base: edital da Capitania de Lisboa.</desc>
  <type>Proibições</type>
  <extensions><osmand:color>#c0392b</osmand:color><osmand:icon>special_symbol_remove</osmand:icon><osmand:background>octagon</osmand:background></extensions>
</wpt>
<wpt lat="38.6133" lon="-9.08689">
  <name>⛔ unidade militar — 100 m · Área restrita pela GNR</name>
  <desc>Proibido pescar a menos de 100 m. Base: edital da Capitania de Lisboa.</desc>
  <type>Proibições</type>
  <extensions><osmand:color>#c0392b</osmand:color><osmand:icon>special_symbol_remove</osmand:icon><osmand:background>octagon</osmand:background></extensions>
</wpt>
<wpt lat="38.63212" lon="-9.10633">
  <name>⛔ pontão — 100 m · Pontão das Cavaquinhas</name>
  <desc>Proibido pescar a menos de 100 m. Base: edital da Capitania de Lisboa.</desc>
  <type>Proibições</type>
  <extensions><osmand:color>#c0392b</osmand:color><osmand:icon>special_symbol_remove</osmand:icon><osmand:background>octagon</osmand:background></extensions>
</wpt>
<wpt lat="38.62644" lon="-9.11005">
  <name>⛔ pontão — 100 m · Pontão para o Rio Judeu</name>
  <desc>Proibido pescar a menos de 100 m. Base: edital da Capitania de Lisboa.</desc>
  <type>Proibições</type>
  <extensions><osmand:color>#c0392b</osmand:color><osmand:icon>special_symbol_remove</osmand:icon><osmand:background>octagon</osmand:background></extensions>
</wpt>
<wpt lat="38.76359" lon="-9.09293">
  <name>⛔ pontão — 100 m</name>
  <desc>Proibido pescar a menos de 100 m. Base: edital da Capitania de Lisboa.</desc>
  <type>Proibições</type>
  <extensions><osmand:color>#c0392b</osmand:color><osmand:icon>special_symbol_remove</osmand:icon><osmand:background>octagon</osmand:background></extensions>
</wpt>
<wpt lat="38.76719" lon="-9.09164">
  <name>⛔ pontão — 100 m</name>
  <desc>Proibido pescar a menos de 100 m. Base: edital da Capitania de Lisboa.</desc>
  <type>Proibições</type>
  <extensions><osmand:color>#c0392b</osmand:color><osmand:icon>special_symbol_remove</osmand:icon><osmand:background>octagon</osmand:background></extensions>
</wpt>
<wpt lat="38.69944" lon="-9.17743">
  <name>⛔ doca/marina — 100 m · Doca de Santo Amaro</name>
  <desc>Proibido pescar a menos de 100 m. Base: edital da Capitania de Lisboa.</desc>
  <type>Proibições</type>
  <extensions><osmand:color>#c0392b</osmand:color><osmand:icon>special_symbol_remove</osmand:icon><osmand:background>octagon</osmand:background></extensions>
</wpt>
<wpt lat="38.69302" lon="-9.21195">
  <name>⛔ doca/marina — 100 m · Doca do Bom Sucesso</name>
  <desc>Proibido pescar a menos de 100 m. Base: edital da Capitania de Lisboa.</desc>
  <type>Proibições</type>
  <extensions><osmand:color>#c0392b</osmand:color><osmand:icon>special_symbol_remove</osmand:icon><osmand:background>octagon</osmand:background></extensions>
</wpt>
<wpt lat="38.75634" lon="-9.09266">
  <name>⛔ doca/marina — 100 m · Marina Parque das Nações</name>
  <desc>Proibido pescar a menos de 100 m. Base: edital da Capitania de Lisboa.</desc>
  <type>Proibições</type>
  <extensions><osmand:color>#c0392b</osmand:color><osmand:icon>special_symbol_remove</osmand:icon><osmand:background>octagon</osmand:background></extensions>
</wpt>
<wpt lat="38.67787" lon="-9.20664">
  <name>⛔ cais/terminal acostável — 300 m · Estação Fluvial de Porto Bra</name>
  <desc>Proibido pescar a menos de 300 m. Base: edital da Capitania de Lisboa.</desc>
  <type>Proibições</type>
  <extensions><osmand:color>#c0392b</osmand:color><osmand:icon>special_symbol_remove</osmand:icon><osmand:background>octagon</osmand:background></extensions>
</wpt>
<wpt lat="38.78956" lon="-9.25213">
  <name>⛔ unidade militar — 100 m · Unidade Especial de Polícia</name>
  <desc>Proibido pescar a menos de 100 m. Base: edital da Capitania de Lisboa.</desc>
  <type>Proibições</type>
  <extensions><osmand:color>#c0392b</osmand:color><osmand:icon>special_symbol_remove</osmand:icon><osmand:background>octagon</osmand:background></extensions>
</wpt>
<wpt lat="38.7051" lon="-9.16977">
  <name>⛔ unidade militar — 100 m · Arquivo Histórico e Bibliote</name>
  <desc>Proibido pescar a menos de 100 m. Base: edital da Capitania de Lisboa.</desc>
  <type>Proibições</type>
  <extensions><osmand:color>#c0392b</osmand:color><osmand:icon>special_symbol_remove</osmand:icon><osmand:background>octagon</osmand:background></extensions>
</wpt>
<wpt lat="38.69273" lon="-9.29148">
  <name>⛔ pontão — 100 m</name>
  <desc>Proibido pescar a menos de 100 m. Base: edital da Capitania de Lisboa.</desc>
  <type>Proibições</type>
  <extensions><osmand:color>#c0392b</osmand:color><osmand:icon>special_symbol_remove</osmand:icon><osmand:background>octagon</osmand:background></extensions>
</wpt>
<wpt lat="38.69511" lon="-9.28978">
  <name>⛔ unidade militar — 100 m · Estação Salva-Vidas Patrão J</name>
  <desc>Proibido pescar a menos de 100 m. Base: edital da Capitania de Lisboa.</desc>
  <type>Proibições</type>
  <extensions><osmand:color>#c0392b</osmand:color><osmand:icon>special_symbol_remove</osmand:icon><osmand:background>octagon</osmand:background></extensions>
</wpt>
<wpt lat="38.74528" lon="-9.09626">
  <name>⛔ pontão — 100 m</name>
  <desc>Proibido pescar a menos de 100 m. Base: edital da Capitania de Lisboa.</desc>
  <type>Proibições</type>
  <extensions><osmand:color>#c0392b</osmand:color><osmand:icon>special_symbol_remove</osmand:icon><osmand:background>octagon</osmand:background></extensions>
</wpt>
<wpt lat="38.69279" lon="-9.21113">
  <name>⛔ pontão — 100 m</name>
  <desc>Proibido pescar a menos de 100 m. Base: edital da Capitania de Lisboa.</desc>
  <type>Proibições</type>
  <extensions><osmand:color>#c0392b</osmand:color><osmand:icon>special_symbol_remove</osmand:icon><osmand:background>octagon</osmand:background></extensions>
</wpt>
<wpt lat="38.69357" lon="-9.21122">
  <name>⛔ pontão — 100 m</name>
  <desc>Proibido pescar a menos de 100 m. Base: edital da Capitania de Lisboa.</desc>
  <type>Proibições</type>
  <extensions><osmand:color>#c0392b</osmand:color><osmand:icon>special_symbol_remove</osmand:icon><osmand:background>octagon</osmand:background></extensions>
</wpt>
<wpt lat="38.69358" lon="-9.21213">
  <name>⛔ pontão — 100 m</name>
  <desc>Proibido pescar a menos de 100 m. Base: edital da Capitania de Lisboa.</desc>
  <type>Proibições</type>
  <extensions><osmand:color>#c0392b</osmand:color><osmand:icon>special_symbol_remove</osmand:icon><osmand:background>octagon</osmand:background></extensions>
</wpt>
<wpt lat="38.63972" lon="-9.10602">
  <name>⛔ pontão — 100 m · Cais da Mundet</name>
  <desc>Proibido pescar a menos de 100 m. Base: edital da Capitania de Lisboa.</desc>
  <type>Proibições</type>
  <extensions><osmand:color>#c0392b</osmand:color><osmand:icon>special_symbol_remove</osmand:icon><osmand:background>octagon</osmand:background></extensions>
</wpt>
<wpt lat="38.62912" lon="-9.11288">
  <name>⛔ pontão — 100 m</name>
  <desc>Proibido pescar a menos de 100 m. Base: edital da Capitania de Lisboa.</desc>
  <type>Proibições</type>
  <extensions><osmand:color>#c0392b</osmand:color><osmand:icon>special_symbol_remove</osmand:icon><osmand:background>octagon</osmand:background></extensions>
</wpt>
<wpt lat="38.67013" lon="-9.2494">
  <name>⛔ pontão — 100 m</name>
  <desc>Proibido pescar a menos de 100 m. Base: edital da Capitania de Lisboa.</desc>
  <type>Proibições</type>
  <extensions><osmand:color>#c0392b</osmand:color><osmand:icon>special_symbol_remove</osmand:icon><osmand:background>octagon</osmand:background></extensions>
</wpt>
<wpt lat="38.66673" lon="-9.24776">
  <name>⛔ unidade militar — 100 m · Depósito POL NATO de Lisboa </name>
  <desc>Proibido pescar a menos de 100 m. Base: edital da Capitania de Lisboa.</desc>
  <type>Proibições</type>
  <extensions><osmand:color>#c0392b</osmand:color><osmand:icon>special_symbol_remove</osmand:icon><osmand:background>octagon</osmand:background></extensions>
</wpt>
<wpt lat="38.70237" lon="-8.98145">
  <name>⛔ cais/terminal acostável — 300 m · Cais dos Pescadores</name>
  <desc>Proibido pescar a menos de 300 m. Base: edital da Capitania de Lisboa.</desc>
  <type>Proibições</type>
  <extensions><osmand:color>#c0392b</osmand:color><osmand:icon>special_symbol_remove</osmand:icon><osmand:background>octagon</osmand:background></extensions>
</wpt>
<wpt lat="38.69528" lon="-9.19497">
  <name>⛔ pontão — 100 m</name>
  <desc>Proibido pescar a menos de 100 m. Base: edital da Capitania de Lisboa.</desc>
  <type>Proibições</type>
  <extensions><osmand:color>#c0392b</osmand:color><osmand:icon>special_symbol_remove</osmand:icon><osmand:background>octagon</osmand:background></extensions>
</wpt>
<wpt lat="38.69521" lon="-9.19542">
  <name>⛔ pontão — 100 m</name>
  <desc>Proibido pescar a menos de 100 m. Base: edital da Capitania de Lisboa.</desc>
  <type>Proibições</type>
  <extensions><osmand:color>#c0392b</osmand:color><osmand:icon>special_symbol_remove</osmand:icon><osmand:background>octagon</osmand:background></extensions>
</wpt>
<wpt lat="38.69497" lon="-9.19655">
  <name>⛔ pontão — 100 m</name>
  <desc>Proibido pescar a menos de 100 m. Base: edital da Capitania de Lisboa.</desc>
  <type>Proibições</type>
  <extensions><osmand:color>#c0392b</osmand:color><osmand:icon>special_symbol_remove</osmand:icon><osmand:background>octagon</osmand:background></extensions>
</wpt>
<wpt lat="38.70459" lon="-9.14581">
  <name>⛔ pontão — 100 m</name>
  <desc>Proibido pescar a menos de 100 m. Base: edital da Capitania de Lisboa.</desc>
  <type>Proibições</type>
  <extensions><osmand:color>#c0392b</osmand:color><osmand:icon>special_symbol_remove</osmand:icon><osmand:background>octagon</osmand:background></extensions>
</wpt>
<wpt lat="38.70482" lon="-9.14462">
  <name>⛔ pontão — 100 m</name>
  <desc>Proibido pescar a menos de 100 m. Base: edital da Capitania de Lisboa.</desc>
  <type>Proibições</type>
  <extensions><osmand:color>#c0392b</osmand:color><osmand:icon>special_symbol_remove</osmand:icon><osmand:background>octagon</osmand:background></extensions>
</wpt>
<wpt lat="38.70471" lon="-9.14523">
  <name>⛔ pontão — 100 m</name>
  <desc>Proibido pescar a menos de 100 m. Base: edital da Capitania de Lisboa.</desc>
  <type>Proibições</type>
  <extensions><osmand:color>#c0392b</osmand:color><osmand:icon>special_symbol_remove</osmand:icon><osmand:background>octagon</osmand:background></extensions>
</wpt>
<wpt lat="38.67551" lon="-9.23672">
  <name>⛔ pontão — 100 m</name>
  <desc>Proibido pescar a menos de 100 m. Base: edital da Capitania de Lisboa.</desc>
  <type>Proibições</type>
  <extensions><osmand:color>#c0392b</osmand:color><osmand:icon>special_symbol_remove</osmand:icon><osmand:background>octagon</osmand:background></extensions>
</wpt>
<wpt lat="38.79692" lon="-9.29548">
  <name>⛔ unidade militar — 100 m</name>
  <desc>Proibido pescar a menos de 100 m. Base: edital da Capitania de Lisboa.</desc>
  <type>Proibições</type>
  <extensions><osmand:color>#c0392b</osmand:color><osmand:icon>special_symbol_remove</osmand:icon><osmand:background>octagon</osmand:background></extensions>
</wpt>
<wpt lat="38.75645" lon="-8.96517">
  <name>⛔ pontão — 100 m · Ponte-Cais de Alcochete</name>
  <desc>Proibido pescar a menos de 100 m. Base: edital da Capitania de Lisboa.</desc>
  <type>Proibições</type>
  <extensions><osmand:color>#c0392b</osmand:color><osmand:icon>special_symbol_remove</osmand:icon><osmand:background>octagon</osmand:background></extensions>
</wpt>
<wpt lat="38.757" lon="-8.96644">
  <name>⛔ pontão — 100 m</name>
  <desc>Proibido pescar a menos de 100 m. Base: edital da Capitania de Lisboa.</desc>
  <type>Proibições</type>
  <extensions><osmand:color>#c0392b</osmand:color><osmand:icon>special_symbol_remove</osmand:icon><osmand:background>octagon</osmand:background></extensions>
</wpt>
<wpt lat="38.67739" lon="-9.20893">
  <name>⛔ pontão — 100 m</name>
  <desc>Proibido pescar a menos de 100 m. Base: edital da Capitania de Lisboa.</desc>
  <type>Proibições</type>
  <extensions><osmand:color>#c0392b</osmand:color><osmand:icon>special_symbol_remove</osmand:icon><osmand:background>octagon</osmand:background></extensions>
</wpt>
<wpt lat="38.74213" lon="-9.18074">
  <name>⛔ unidade militar — 100 m · Instituto dos Pupilos do Exé</name>
  <desc>Proibido pescar a menos de 100 m. Base: edital da Capitania de Lisboa.</desc>
  <type>Proibições</type>
  <extensions><osmand:color>#c0392b</osmand:color><osmand:icon>special_symbol_remove</osmand:icon><osmand:background>octagon</osmand:background></extensions>
</wpt>
<wpt lat="38.70643" lon="-9.1335">
  <name>⛔ pontão — 100 m</name>
  <desc>Proibido pescar a menos de 100 m. Base: edital da Capitania de Lisboa.</desc>
  <type>Proibições</type>
  <extensions><osmand:color>#c0392b</osmand:color><osmand:icon>special_symbol_remove</osmand:icon><osmand:background>octagon</osmand:background></extensions>
</wpt>
<wpt lat="38.7048" lon="-9.14451">
  <name>⛔ pontão — 100 m</name>
  <desc>Proibido pescar a menos de 100 m. Base: edital da Capitania de Lisboa.</desc>
  <type>Proibições</type>
  <extensions><osmand:color>#c0392b</osmand:color><osmand:icon>special_symbol_remove</osmand:icon><osmand:background>octagon</osmand:background></extensions>
</wpt>
<wpt lat="38.67935" lon="-9.18021">
  <name>⛔ pontão — 100 m</name>
  <desc>Proibido pescar a menos de 100 m. Base: edital da Capitania de Lisboa.</desc>
  <type>Proibições</type>
  <extensions><osmand:color>#c0392b</osmand:color><osmand:icon>special_symbol_remove</osmand:icon><osmand:background>octagon</osmand:background></extensions>
</wpt>
<wpt lat="38.67997" lon="-9.18203">
  <name>⛔ pontão — 100 m</name>
  <desc>Proibido pescar a menos de 100 m. Base: edital da Capitania de Lisboa.</desc>
  <type>Proibições</type>
  <extensions><osmand:color>#c0392b</osmand:color><osmand:icon>special_symbol_remove</osmand:icon><osmand:background>octagon</osmand:background></extensions>
</wpt>
<wpt lat="38.6794" lon="-9.18348">
  <name>⛔ pontão — 100 m</name>
  <desc>Proibido pescar a menos de 100 m. Base: edital da Capitania de Lisboa.</desc>
  <type>Proibições</type>
  <extensions><osmand:color>#c0392b</osmand:color><osmand:icon>special_symbol_remove</osmand:icon><osmand:background>octagon</osmand:background></extensions>
</wpt>
<wpt lat="38.63972" lon="-9.12172">
  <name>⛔ pontão — 100 m</name>
  <desc>Proibido pescar a menos de 100 m. Base: edital da Capitania de Lisboa.</desc>
  <type>Proibições</type>
  <extensions><osmand:color>#c0392b</osmand:color><osmand:icon>special_symbol_remove</osmand:icon><osmand:background>octagon</osmand:background></extensions>
</wpt>
<wpt lat="38.63997" lon="-9.12288">
  <name>⛔ pontão — 100 m</name>
  <desc>Proibido pescar a menos de 100 m. Base: edital da Capitania de Lisboa.</desc>
  <type>Proibições</type>
  <extensions><osmand:color>#c0392b</osmand:color><osmand:icon>special_symbol_remove</osmand:icon><osmand:background>octagon</osmand:background></extensions>
</wpt>
<wpt lat="38.64009" lon="-9.12281">
  <name>⛔ pontão — 100 m</name>
  <desc>Proibido pescar a menos de 100 m. Base: edital da Capitania de Lisboa.</desc>
  <type>Proibições</type>
  <extensions><osmand:color>#c0392b</osmand:color><osmand:icon>special_symbol_remove</osmand:icon><osmand:background>octagon</osmand:background></extensions>
</wpt>
<wpt lat="38.63974" lon="-9.12179">
  <name>⛔ pontão — 100 m</name>
  <desc>Proibido pescar a menos de 100 m. Base: edital da Capitania de Lisboa.</desc>
  <type>Proibições</type>
  <extensions><osmand:color>#c0392b</osmand:color><osmand:icon>special_symbol_remove</osmand:icon><osmand:background>octagon</osmand:background></extensions>
</wpt>
<wpt lat="38.6397" lon="-9.12164">
  <name>⛔ pontão — 100 m</name>
  <desc>Proibido pescar a menos de 100 m. Base: edital da Capitania de Lisboa.</desc>
  <type>Proibições</type>
  <extensions><osmand:color>#c0392b</osmand:color><osmand:icon>special_symbol_remove</osmand:icon><osmand:background>octagon</osmand:background></extensions>
</wpt>
<wpt lat="38.64784" lon="-9.10157">
  <name>⛔ pontão — 100 m</name>
  <desc>Proibido pescar a menos de 100 m. Base: edital da Capitania de Lisboa.</desc>
  <type>Proibições</type>
  <extensions><osmand:color>#c0392b</osmand:color><osmand:icon>special_symbol_remove</osmand:icon><osmand:background>octagon</osmand:background></extensions>
</wpt>
<wpt lat="38.64799" lon="-9.10156">
  <name>⛔ pontão — 100 m</name>
  <desc>Proibido pescar a menos de 100 m. Base: edital da Capitania de Lisboa.</desc>
  <type>Proibições</type>
  <extensions><osmand:color>#c0392b</osmand:color><osmand:icon>special_symbol_remove</osmand:icon><osmand:background>octagon</osmand:background></extensions>
</wpt>
<wpt lat="38.65708" lon="-9.12892">
  <name>⛔ pontão — 100 m</name>
  <desc>Proibido pescar a menos de 100 m. Base: edital da Capitania de Lisboa.</desc>
  <type>Proibições</type>
  <extensions><osmand:color>#c0392b</osmand:color><osmand:icon>special_symbol_remove</osmand:icon><osmand:background>octagon</osmand:background></extensions>
</wpt>
<wpt lat="38.64423" lon="-9.11254">
  <name>⛔ pontão — 100 m</name>
  <desc>Proibido pescar a menos de 100 m. Base: edital da Capitania de Lisboa.</desc>
  <type>Proibições</type>
  <extensions><osmand:color>#c0392b</osmand:color><osmand:icon>special_symbol_remove</osmand:icon><osmand:background>octagon</osmand:background></extensions>
</wpt>
<wpt lat="38.64473" lon="-9.10472">
  <name>⛔ pontão — 100 m</name>
  <desc>Proibido pescar a menos de 100 m. Base: edital da Capitania de Lisboa.</desc>
  <type>Proibições</type>
  <extensions><osmand:color>#c0392b</osmand:color><osmand:icon>special_symbol_remove</osmand:icon><osmand:background>octagon</osmand:background></extensions>
</wpt>
<wpt lat="38.64491" lon="-9.10514">
  <name>⛔ pontão — 100 m</name>
  <desc>Proibido pescar a menos de 100 m. Base: edital da Capitania de Lisboa.</desc>
  <type>Proibições</type>
  <extensions><osmand:color>#c0392b</osmand:color><osmand:icon>special_symbol_remove</osmand:icon><osmand:background>octagon</osmand:background></extensions>
</wpt>
<wpt lat="38.64513" lon="-9.1045">
  <name>⛔ pontão — 100 m</name>
  <desc>Proibido pescar a menos de 100 m. Base: edital da Capitania de Lisboa.</desc>
  <type>Proibições</type>
  <extensions><osmand:color>#c0392b</osmand:color><osmand:icon>special_symbol_remove</osmand:icon><osmand:background>octagon</osmand:background></extensions>
</wpt>
<wpt lat="38.70507" lon="-9.14236">
  <name>⛔ pontão — 100 m · Cais da Ribeira das Naus</name>
  <desc>Proibido pescar a menos de 100 m. Base: edital da Capitania de Lisboa.</desc>
  <type>Proibições</type>
  <extensions><osmand:color>#c0392b</osmand:color><osmand:icon>special_symbol_remove</osmand:icon><osmand:background>octagon</osmand:background></extensions>
</wpt>
<wpt lat="38.70509" lon="-9.1424">
  <name>⛔ pontão — 100 m · Cais da Ribeira das Naus</name>
  <desc>Proibido pescar a menos de 100 m. Base: edital da Capitania de Lisboa.</desc>
  <type>Proibições</type>
  <extensions><osmand:color>#c0392b</osmand:color><osmand:icon>special_symbol_remove</osmand:icon><osmand:background>octagon</osmand:background></extensions>
</wpt>
<wpt lat="38.70662" lon="-9.13285">
  <name>⛔ pontão — 100 m</name>
  <desc>Proibido pescar a menos de 100 m. Base: edital da Capitania de Lisboa.</desc>
  <type>Proibições</type>
  <extensions><osmand:color>#c0392b</osmand:color><osmand:icon>special_symbol_remove</osmand:icon><osmand:background>octagon</osmand:background></extensions>
</wpt>
<wpt lat="38.70533" lon="-9.14795">
  <name>⛔ pontão — 100 m</name>
  <desc>Proibido pescar a menos de 100 m. Base: edital da Capitania de Lisboa.</desc>
  <type>Proibições</type>
  <extensions><osmand:color>#c0392b</osmand:color><osmand:icon>special_symbol_remove</osmand:icon><osmand:background>octagon</osmand:background></extensions>
</wpt>
<wpt lat="38.70533" lon="-9.14796">
  <name>⛔ pontão — 100 m</name>
  <desc>Proibido pescar a menos de 100 m. Base: edital da Capitania de Lisboa.</desc>
  <type>Proibições</type>
  <extensions><osmand:color>#c0392b</osmand:color><osmand:icon>special_symbol_remove</osmand:icon><osmand:background>octagon</osmand:background></extensions>
</wpt>
<wpt lat="38.70549" lon="-9.14836">
  <name>⛔ pontão — 100 m</name>
  <desc>Proibido pescar a menos de 100 m. Base: edital da Capitania de Lisboa.</desc>
  <type>Proibições</type>
  <extensions><osmand:color>#c0392b</osmand:color><osmand:icon>special_symbol_remove</osmand:icon><osmand:background>octagon</osmand:background></extensions>
</wpt>
<wpt lat="38.64919" lon="-9.07788">
  <name>⛔ pontão — 100 m</name>
  <desc>Proibido pescar a menos de 100 m. Base: edital da Capitania de Lisboa.</desc>
  <type>Proibições</type>
  <extensions><osmand:color>#c0392b</osmand:color><osmand:icon>special_symbol_remove</osmand:icon><osmand:background>octagon</osmand:background></extensions>
</wpt>
<wpt lat="38.65208" lon="-9.0807">
  <name>⛔ pontão — 100 m</name>
  <desc>Proibido pescar a menos de 100 m. Base: edital da Capitania de Lisboa.</desc>
  <type>Proibições</type>
  <extensions><osmand:color>#c0392b</osmand:color><osmand:icon>special_symbol_remove</osmand:icon><osmand:background>octagon</osmand:background></extensions>
</wpt>
<wpt lat="38.65203" lon="-9.08047">
  <name>⛔ pontão — 100 m</name>
  <desc>Proibido pescar a menos de 100 m. Base: edital da Capitania de Lisboa.</desc>
  <type>Proibições</type>
  <extensions><osmand:color>#c0392b</osmand:color><osmand:icon>special_symbol_remove</osmand:icon><osmand:background>octagon</osmand:background></extensions>
</wpt>
<wpt lat="38.78081" lon="-9.0906">
  <name>⛔ pontão — 100 m</name>
  <desc>Proibido pescar a menos de 100 m. Base: edital da Capitania de Lisboa.</desc>
  <type>Proibições</type>
  <extensions><osmand:color>#c0392b</osmand:color><osmand:icon>special_symbol_remove</osmand:icon><osmand:background>octagon</osmand:background></extensions>
</wpt>
<wpt lat="38.77731" lon="-9.09105">
  <name>⛔ pontão — 100 m</name>
  <desc>Proibido pescar a menos de 100 m. Base: edital da Capitania de Lisboa.</desc>
  <type>Proibições</type>
  <extensions><osmand:color>#c0392b</osmand:color><osmand:icon>special_symbol_remove</osmand:icon><osmand:background>octagon</osmand:background></extensions>
</wpt>
<wpt lat="38.69419" lon="-9.20531">
  <name>⛔ pontão — 100 m</name>
  <desc>Proibido pescar a menos de 100 m. Base: edital da Capitania de Lisboa.</desc>
  <type>Proibições</type>
  <extensions><osmand:color>#c0392b</osmand:color><osmand:icon>special_symbol_remove</osmand:icon><osmand:background>octagon</osmand:background></extensions>
</wpt>
<wpt lat="38.69447" lon="-9.20483">
  <name>⛔ pontão — 100 m</name>
  <desc>Proibido pescar a menos de 100 m. Base: edital da Capitania de Lisboa.</desc>
  <type>Proibições</type>
  <extensions><osmand:color>#c0392b</osmand:color><osmand:icon>special_symbol_remove</osmand:icon><osmand:background>octagon</osmand:background></extensions>
</wpt>
<wpt lat="38.75125" lon="-9.23961">
  <name>⛔ unidade militar — 100 m</name>
  <desc>Proibido pescar a menos de 100 m. Base: edital da Capitania de Lisboa.</desc>
  <type>Proibições</type>
  <extensions><osmand:color>#c0392b</osmand:color><osmand:icon>special_symbol_remove</osmand:icon><osmand:background>octagon</osmand:background></extensions>
</wpt>
<wpt lat="38.75008" lon="-9.23892">
  <name>⛔ unidade militar — 100 m</name>
  <desc>Proibido pescar a menos de 100 m. Base: edital da Capitania de Lisboa.</desc>
  <type>Proibições</type>
  <extensions><osmand:color>#c0392b</osmand:color><osmand:icon>special_symbol_remove</osmand:icon><osmand:background>octagon</osmand:background></extensions>
</wpt>
<wpt lat="38.67407" lon="-9.23518">
  <name>⛔ pontão — 100 m</name>
  <desc>Proibido pescar a menos de 100 m. Base: edital da Capitania de Lisboa.</desc>
  <type>Proibições</type>
  <extensions><osmand:color>#c0392b</osmand:color><osmand:icon>special_symbol_remove</osmand:icon><osmand:background>octagon</osmand:background></extensions>
</wpt>
<wpt lat="38.67412" lon="-9.23535">
  <name>⛔ pontão — 100 m</name>
  <desc>Proibido pescar a menos de 100 m. Base: edital da Capitania de Lisboa.</desc>
  <type>Proibições</type>
  <extensions><osmand:color>#c0392b</osmand:color><osmand:icon>special_symbol_remove</osmand:icon><osmand:background>octagon</osmand:background></extensions>
</wpt>
<wpt lat="38.67414" lon="-9.23506">
  <name>⛔ pontão — 100 m</name>
  <desc>Proibido pescar a menos de 100 m. Base: edital da Capitania de Lisboa.</desc>
  <type>Proibições</type>
  <extensions><osmand:color>#c0392b</osmand:color><osmand:icon>special_symbol_remove</osmand:icon><osmand:background>octagon</osmand:background></extensions>
</wpt>
<wpt lat="38.67421" lon="-9.23531">
  <name>⛔ pontão — 100 m</name>
  <desc>Proibido pescar a menos de 100 m. Base: edital da Capitania de Lisboa.</desc>
  <type>Proibições</type>
  <extensions><osmand:color>#c0392b</osmand:color><osmand:icon>special_symbol_remove</osmand:icon><osmand:background>octagon</osmand:background></extensions>
</wpt>
<wpt lat="38.75038" lon="-9.23499">
  <name>⛔ unidade militar — 100 m</name>
  <desc>Proibido pescar a menos de 100 m. Base: edital da Capitania de Lisboa.</desc>
  <type>Proibições</type>
  <extensions><osmand:color>#c0392b</osmand:color><osmand:icon>special_symbol_remove</osmand:icon><osmand:background>octagon</osmand:background></extensions>
</wpt>
<wpt lat="38.75025" lon="-9.23533">
  <name>⛔ unidade militar — 100 m</name>
  <desc>Proibido pescar a menos de 100 m. Base: edital da Capitania de Lisboa.</desc>
  <type>Proibições</type>
  <extensions><osmand:color>#c0392b</osmand:color><osmand:icon>special_symbol_remove</osmand:icon><osmand:background>octagon</osmand:background></extensions>
</wpt>
<wpt lat="38.74964" lon="-9.23674">
  <name>⛔ unidade militar — 100 m</name>
  <desc>Proibido pescar a menos de 100 m. Base: edital da Capitania de Lisboa.</desc>
  <type>Proibições</type>
  <extensions><osmand:color>#c0392b</osmand:color><osmand:icon>special_symbol_remove</osmand:icon><osmand:background>octagon</osmand:background></extensions>
</wpt>
<wpt lat="38.70696" lon="-9.1324">
  <name>⛔ unidade militar — 100 m · Terminal Fluvial Marinha</name>
  <desc>Proibido pescar a menos de 100 m. Base: edital da Capitania de Lisboa.</desc>
  <type>Proibições</type>
  <extensions><osmand:color>#c0392b</osmand:color><osmand:icon>special_symbol_remove</osmand:icon><osmand:background>octagon</osmand:background></extensions>
</wpt>
<wpt lat="38.70622" lon="-9.13416">
  <name>⛔ pontão — 100 m · Cais A</name>
  <desc>Proibido pescar a menos de 100 m. Base: edital da Capitania de Lisboa.</desc>
  <type>Proibições</type>
  <extensions><osmand:color>#c0392b</osmand:color><osmand:icon>special_symbol_remove</osmand:icon><osmand:background>octagon</osmand:background></extensions>
</wpt>
<wpt lat="38.69534" lon="-9.22838">
  <name>⛔ pontão — 100 m</name>
  <desc>Proibido pescar a menos de 100 m. Base: edital da Capitania de Lisboa.</desc>
  <type>Proibições</type>
  <extensions><osmand:color>#c0392b</osmand:color><osmand:icon>special_symbol_remove</osmand:icon><osmand:background>octagon</osmand:background></extensions>
</wpt>
<wpt lat="38.69468" lon="-9.22699">
  <name>⛔ pontão — 100 m</name>
  <desc>Proibido pescar a menos de 100 m. Base: edital da Capitania de Lisboa.</desc>
  <type>Proibições</type>
  <extensions><osmand:color>#c0392b</osmand:color><osmand:icon>special_symbol_remove</osmand:icon><osmand:background>octagon</osmand:background></extensions>
</wpt>
<wpt lat="38.69519" lon="-9.22844">
  <name>⛔ pontão — 100 m</name>
  <desc>Proibido pescar a menos de 100 m. Base: edital da Capitania de Lisboa.</desc>
  <type>Proibições</type>
  <extensions><osmand:color>#c0392b</osmand:color><osmand:icon>special_symbol_remove</osmand:icon><osmand:background>octagon</osmand:background></extensions>
</wpt>
<wpt lat="38.69564" lon="-9.22826">
  <name>⛔ pontão — 100 m</name>
  <desc>Proibido pescar a menos de 100 m. Base: edital da Capitania de Lisboa.</desc>
  <type>Proibições</type>
  <extensions><osmand:color>#c0392b</osmand:color><osmand:icon>special_symbol_remove</osmand:icon><osmand:background>octagon</osmand:background></extensions>
</wpt>
<wpt lat="38.69594" lon="-9.22814">
  <name>⛔ pontão — 100 m</name>
  <desc>Proibido pescar a menos de 100 m. Base: edital da Capitania de Lisboa.</desc>
  <type>Proibições</type>
  <extensions><osmand:color>#c0392b</osmand:color><osmand:icon>special_symbol_remove</osmand:icon><osmand:background>octagon</osmand:background></extensions>
</wpt>
<wpt lat="38.64826" lon="-9.0606">
  <name>⛔ pontão — 100 m</name>
  <desc>Proibido pescar a menos de 100 m. Base: edital da Capitania de Lisboa.</desc>
  <type>Proibições</type>
  <extensions><osmand:color>#c0392b</osmand:color><osmand:icon>special_symbol_remove</osmand:icon><osmand:background>octagon</osmand:background></extensions>
</wpt>
<wpt lat="38.66593" lon="-9.14588">
  <name>⛔ pontão — 100 m</name>
  <desc>Proibido pescar a menos de 100 m. Base: edital da Capitania de Lisboa.</desc>
  <type>Proibições</type>
  <extensions><osmand:color>#c0392b</osmand:color><osmand:icon>special_symbol_remove</osmand:icon><osmand:background>octagon</osmand:background></extensions>
</wpt>
<wpt lat="38.70401" lon="-8.98153">
  <name>⛔ pontão — 100 m</name>
  <desc>Proibido pescar a menos de 100 m. Base: edital da Capitania de Lisboa.</desc>
  <type>Proibições</type>
  <extensions><osmand:color>#c0392b</osmand:color><osmand:icon>special_symbol_remove</osmand:icon><osmand:background>octagon</osmand:background></extensions>
</wpt>
<wpt lat="38.7039" lon="-8.98144">
  <name>⛔ pontão — 100 m</name>
  <desc>Proibido pescar a menos de 100 m. Base: edital da Capitania de Lisboa.</desc>
  <type>Proibições</type>
  <extensions><osmand:color>#c0392b</osmand:color><osmand:icon>special_symbol_remove</osmand:icon><osmand:background>octagon</osmand:background></extensions>
</wpt>
<wpt lat="38.70462" lon="-8.98147">
  <name>⛔ pontão — 100 m</name>
  <desc>Proibido pescar a menos de 100 m. Base: edital da Capitania de Lisboa.</desc>
  <type>Proibições</type>
  <extensions><osmand:color>#c0392b</osmand:color><osmand:icon>special_symbol_remove</osmand:icon><osmand:background>octagon</osmand:background></extensions>
</wpt>
<wpt lat="38.7061" lon="-9.13463">
  <name>⛔ pontão — 100 m · Cais B</name>
  <desc>Proibido pescar a menos de 100 m. Base: edital da Capitania de Lisboa.</desc>
  <type>Proibições</type>
  <extensions><osmand:color>#c0392b</osmand:color><osmand:icon>special_symbol_remove</osmand:icon><osmand:background>octagon</osmand:background></extensions>
</wpt>
<wpt lat="38.70619" lon="-9.13504">
  <name>⛔ pontão — 100 m · Cais C</name>
  <desc>Proibido pescar a menos de 100 m. Base: edital da Capitania de Lisboa.</desc>
  <type>Proibições</type>
  <extensions><osmand:color>#c0392b</osmand:color><osmand:icon>special_symbol_remove</osmand:icon><osmand:background>octagon</osmand:background></extensions>
</wpt>
<wpt lat="38.70605" lon="-9.13473">
  <name>⛔ pontão — 100 m</name>
  <desc>Proibido pescar a menos de 100 m. Base: edital da Capitania de Lisboa.</desc>
  <type>Proibições</type>
  <extensions><osmand:color>#c0392b</osmand:color><osmand:icon>special_symbol_remove</osmand:icon><osmand:background>octagon</osmand:background></extensions>
</wpt>
<wpt lat="38.70678" lon="-9.13233">
  <name>⛔ pontão — 100 m</name>
  <desc>Proibido pescar a menos de 100 m. Base: edital da Capitania de Lisboa.</desc>
  <type>Proibições</type>
  <extensions><osmand:color>#c0392b</osmand:color><osmand:icon>special_symbol_remove</osmand:icon><osmand:background>octagon</osmand:background></extensions>
</wpt>
<wpt lat="38.70675" lon="-9.13217">
  <name>⛔ pontão — 100 m</name>
  <desc>Proibido pescar a menos de 100 m. Base: edital da Capitania de Lisboa.</desc>
  <type>Proibições</type>
  <extensions><osmand:color>#c0392b</osmand:color><osmand:icon>special_symbol_remove</osmand:icon><osmand:background>octagon</osmand:background></extensions>
</wpt>
<wpt lat="38.65553" lon="-9.07983">
  <name>⛔ pontão — 100 m</name>
  <desc>Proibido pescar a menos de 100 m. Base: edital da Capitania de Lisboa.</desc>
  <type>Proibições</type>
  <extensions><osmand:color>#c0392b</osmand:color><osmand:icon>special_symbol_remove</osmand:icon><osmand:background>octagon</osmand:background></extensions>
</wpt>
<wpt lat="38.65549" lon="-9.07984">
  <name>⛔ pontão — 100 m</name>
  <desc>Proibido pescar a menos de 100 m. Base: edital da Capitania de Lisboa.</desc>
  <type>Proibições</type>
  <extensions><osmand:color>#c0392b</osmand:color><osmand:icon>special_symbol_remove</osmand:icon><osmand:background>octagon</osmand:background></extensions>
</wpt>
<wpt lat="38.65544" lon="-9.07983">
  <name>⛔ pontão — 100 m</name>
  <desc>Proibido pescar a menos de 100 m. Base: edital da Capitania de Lisboa.</desc>
  <type>Proibições</type>
  <extensions><osmand:color>#c0392b</osmand:color><osmand:icon>special_symbol_remove</osmand:icon><osmand:background>octagon</osmand:background></extensions>
</wpt>
<wpt lat="38.65539" lon="-9.07984">
  <name>⛔ pontão — 100 m</name>
  <desc>Proibido pescar a menos de 100 m. Base: edital da Capitania de Lisboa.</desc>
  <type>Proibições</type>
  <extensions><osmand:color>#c0392b</osmand:color><osmand:icon>special_symbol_remove</osmand:icon><osmand:background>octagon</osmand:background></extensions>
</wpt>
<wpt lat="38.69471" lon="-9.22802">
  <name>⛔ pontão — 100 m</name>
  <desc>Proibido pescar a menos de 100 m. Base: edital da Capitania de Lisboa.</desc>
  <type>Proibições</type>
  <extensions><osmand:color>#c0392b</osmand:color><osmand:icon>special_symbol_remove</osmand:icon><osmand:background>octagon</osmand:background></extensions>
</wpt>
<wpt lat="38.69475" lon="-9.2281">
  <name>⛔ pontão — 100 m</name>
  <desc>Proibido pescar a menos de 100 m. Base: edital da Capitania de Lisboa.</desc>
  <type>Proibições</type>
  <extensions><osmand:color>#c0392b</osmand:color><osmand:icon>special_symbol_remove</osmand:icon><osmand:background>octagon</osmand:background></extensions>
</wpt>
<wpt lat="38.69544" lon="-9.22844">
  <name>⛔ pontão — 100 m</name>
  <desc>Proibido pescar a menos de 100 m. Base: edital da Capitania de Lisboa.</desc>
  <type>Proibições</type>
  <extensions><osmand:color>#c0392b</osmand:color><osmand:icon>special_symbol_remove</osmand:icon><osmand:background>octagon</osmand:background></extensions>
</wpt>
<wpt lat="38.69609" lon="-9.22824">
  <name>⛔ pontão — 100 m</name>
  <desc>Proibido pescar a menos de 100 m. Base: edital da Capitania de Lisboa.</desc>
  <type>Proibições</type>
  <extensions><osmand:color>#c0392b</osmand:color><osmand:icon>special_symbol_remove</osmand:icon><osmand:background>octagon</osmand:background></extensions>
</wpt>
<wpt lat="38.69497" lon="-9.22823">
  <name>⛔ pontão — 100 m</name>
  <desc>Proibido pescar a menos de 100 m. Base: edital da Capitania de Lisboa.</desc>
  <type>Proibições</type>
  <extensions><osmand:color>#c0392b</osmand:color><osmand:icon>special_symbol_remove</osmand:icon><osmand:background>octagon</osmand:background></extensions>
</wpt>
<wpt lat="38.69476" lon="-9.2281">
  <name>⛔ pontão — 100 m</name>
  <desc>Proibido pescar a menos de 100 m. Base: edital da Capitania de Lisboa.</desc>
  <type>Proibições</type>
  <extensions><osmand:color>#c0392b</osmand:color><osmand:icon>special_symbol_remove</osmand:icon><osmand:background>octagon</osmand:background></extensions>
</wpt>
<wpt lat="38.69579" lon="-9.2282">
  <name>⛔ pontão — 100 m</name>
  <desc>Proibido pescar a menos de 100 m. Base: edital da Capitania de Lisboa.</desc>
  <type>Proibições</type>
  <extensions><osmand:color>#c0392b</osmand:color><osmand:icon>special_symbol_remove</osmand:icon><osmand:background>octagon</osmand:background></extensions>
</wpt>
<wpt lat="38.69482" lon="-9.2282">
  <name>⛔ pontão — 100 m</name>
  <desc>Proibido pescar a menos de 100 m. Base: edital da Capitania de Lisboa.</desc>
  <type>Proibições</type>
  <extensions><osmand:color>#c0392b</osmand:color><osmand:icon>special_symbol_remove</osmand:icon><osmand:background>octagon</osmand:background></extensions>
</wpt>
<wpt lat="38.69549" lon="-9.22832">
  <name>⛔ pontão — 100 m</name>
  <desc>Proibido pescar a menos de 100 m. Base: edital da Capitania de Lisboa.</desc>
  <type>Proibições</type>
  <extensions><osmand:color>#c0392b</osmand:color><osmand:icon>special_symbol_remove</osmand:icon><osmand:background>octagon</osmand:background></extensions>
</wpt>
<wpt lat="38.69543" lon="-9.22846">
  <name>⛔ pontão — 100 m</name>
  <desc>Proibido pescar a menos de 100 m. Base: edital da Capitania de Lisboa.</desc>
  <type>Proibições</type>
  <extensions><osmand:color>#c0392b</osmand:color><osmand:icon>special_symbol_remove</osmand:icon><osmand:background>octagon</osmand:background></extensions>
</wpt>
<wpt lat="38.69493" lon="-9.22668">
  <name>⛔ pontão — 100 m</name>
  <desc>Proibido pescar a menos de 100 m. Base: edital da Capitania de Lisboa.</desc>
  <type>Proibições</type>
  <extensions><osmand:color>#c0392b</osmand:color><osmand:icon>special_symbol_remove</osmand:icon><osmand:background>octagon</osmand:background></extensions>
</wpt>
<wpt lat="38.69519" lon="-9.22759">
  <name>⛔ pontão — 100 m</name>
  <desc>Proibido pescar a menos de 100 m. Base: edital da Capitania de Lisboa.</desc>
  <type>Proibições</type>
  <extensions><osmand:color>#c0392b</osmand:color><osmand:icon>special_symbol_remove</osmand:icon><osmand:background>octagon</osmand:background></extensions>
</wpt>
<wpt lat="38.69521" lon="-9.22725">
  <name>⛔ pontão — 100 m</name>
  <desc>Proibido pescar a menos de 100 m. Base: edital da Capitania de Lisboa.</desc>
  <type>Proibições</type>
  <extensions><osmand:color>#c0392b</osmand:color><osmand:icon>special_symbol_remove</osmand:icon><osmand:background>octagon</osmand:background></extensions>
</wpt>
<wpt lat="38.69489" lon="-9.2269">
  <name>⛔ pontão — 100 m</name>
  <desc>Proibido pescar a menos de 100 m. Base: edital da Capitania de Lisboa.</desc>
  <type>Proibições</type>
  <extensions><osmand:color>#c0392b</osmand:color><osmand:icon>special_symbol_remove</osmand:icon><osmand:background>octagon</osmand:background></extensions>
</wpt>
<wpt lat="38.6949" lon="-9.22753">
  <name>⛔ pontão — 100 m</name>
  <desc>Proibido pescar a menos de 100 m. Base: edital da Capitania de Lisboa.</desc>
  <type>Proibições</type>
  <extensions><osmand:color>#c0392b</osmand:color><osmand:icon>special_symbol_remove</osmand:icon><osmand:background>octagon</osmand:background></extensions>
</wpt>
<wpt lat="38.6948" lon="-9.22698">
  <name>⛔ pontão — 100 m</name>
  <desc>Proibido pescar a menos de 100 m. Base: edital da Capitania de Lisboa.</desc>
  <type>Proibições</type>
  <extensions><osmand:color>#c0392b</osmand:color><osmand:icon>special_symbol_remove</osmand:icon><osmand:background>octagon</osmand:background></extensions>
</wpt>
<wpt lat="38.69498" lon="-9.22682">
  <name>⛔ pontão — 100 m</name>
  <desc>Proibido pescar a menos de 100 m. Base: edital da Capitania de Lisboa.</desc>
  <type>Proibições</type>
  <extensions><osmand:color>#c0392b</osmand:color><osmand:icon>special_symbol_remove</osmand:icon><osmand:background>octagon</osmand:background></extensions>
</wpt>
<wpt lat="38.6947" lon="-9.22771">
  <name>⛔ pontão — 100 m</name>
  <desc>Proibido pescar a menos de 100 m. Base: edital da Capitania de Lisboa.</desc>
  <type>Proibições</type>
  <extensions><osmand:color>#c0392b</osmand:color><osmand:icon>special_symbol_remove</osmand:icon><osmand:background>octagon</osmand:background></extensions>
</wpt>
<wpt lat="38.69497" lon="-9.22775">
  <name>⛔ pontão — 100 m</name>
  <desc>Proibido pescar a menos de 100 m. Base: edital da Capitania de Lisboa.</desc>
  <type>Proibições</type>
  <extensions><osmand:color>#c0392b</osmand:color><osmand:icon>special_symbol_remove</osmand:icon><osmand:background>octagon</osmand:background></extensions>
</wpt>
<wpt lat="38.69501" lon="-9.22758">
  <name>⛔ pontão — 100 m</name>
  <desc>Proibido pescar a menos de 100 m. Base: edital da Capitania de Lisboa.</desc>
  <type>Proibições</type>
  <extensions><osmand:color>#c0392b</osmand:color><osmand:icon>special_symbol_remove</osmand:icon><osmand:background>octagon</osmand:background></extensions>
</wpt>
<wpt lat="38.69444" lon="-9.22713">
  <name>⛔ pontão — 100 m</name>
  <desc>Proibido pescar a menos de 100 m. Base: edital da Capitania de Lisboa.</desc>
  <type>Proibições</type>
  <extensions><osmand:color>#c0392b</osmand:color><osmand:icon>special_symbol_remove</osmand:icon><osmand:background>octagon</osmand:background></extensions>
</wpt>
<wpt lat="38.69442" lon="-9.22725">
  <name>⛔ pontão — 100 m</name>
  <desc>Proibido pescar a menos de 100 m. Base: edital da Capitania de Lisboa.</desc>
  <type>Proibições</type>
  <extensions><osmand:color>#c0392b</osmand:color><osmand:icon>special_symbol_remove</osmand:icon><osmand:background>octagon</osmand:background></extensions>
</wpt>
<wpt lat="38.69477" lon="-9.22683">
  <name>⛔ pontão — 100 m</name>
  <desc>Proibido pescar a menos de 100 m. Base: edital da Capitania de Lisboa.</desc>
  <type>Proibições</type>
  <extensions><osmand:color>#c0392b</osmand:color><osmand:icon>special_symbol_remove</osmand:icon><osmand:background>octagon</osmand:background></extensions>
</wpt>
<wpt lat="38.69504" lon="-9.22669">
  <name>⛔ pontão — 100 m</name>
  <desc>Proibido pescar a menos de 100 m. Base: edital da Capitania de Lisboa.</desc>
  <type>Proibições</type>
  <extensions><osmand:color>#c0392b</osmand:color><osmand:icon>special_symbol_remove</osmand:icon><osmand:background>octagon</osmand:background></extensions>
</wpt>
<wpt lat="38.69501" lon="-9.22744">
  <name>⛔ pontão — 100 m</name>
  <desc>Proibido pescar a menos de 100 m. Base: edital da Capitania de Lisboa.</desc>
  <type>Proibições</type>
  <extensions><osmand:color>#c0392b</osmand:color><osmand:icon>special_symbol_remove</osmand:icon><osmand:background>octagon</osmand:background></extensions>
</wpt>
<wpt lat="38.69462" lon="-9.22697">
  <name>⛔ pontão — 100 m</name>
  <desc>Proibido pescar a menos de 100 m. Base: edital da Capitania de Lisboa.</desc>
  <type>Proibições</type>
  <extensions><osmand:color>#c0392b</osmand:color><osmand:icon>special_symbol_remove</osmand:icon><osmand:background>octagon</osmand:background></extensions>
</wpt>
<wpt lat="38.69463" lon="-9.22714">
  <name>⛔ pontão — 100 m</name>
  <desc>Proibido pescar a menos de 100 m. Base: edital da Capitania de Lisboa.</desc>
  <type>Proibições</type>
  <extensions><osmand:color>#c0392b</osmand:color><osmand:icon>special_symbol_remove</osmand:icon><osmand:background>octagon</osmand:background></extensions>
</wpt>
<wpt lat="38.69507" lon="-9.22766">
  <name>⛔ pontão — 100 m</name>
  <desc>Proibido pescar a menos de 100 m. Base: edital da Capitania de Lisboa.</desc>
  <type>Proibições</type>
  <extensions><osmand:color>#c0392b</osmand:color><osmand:icon>special_symbol_remove</osmand:icon><osmand:background>octagon</osmand:background></extensions>
</wpt>
<wpt lat="38.69446" lon="-9.22757">
  <name>⛔ pontão — 100 m</name>
  <desc>Proibido pescar a menos de 100 m. Base: edital da Capitania de Lisboa.</desc>
  <type>Proibições</type>
  <extensions><osmand:color>#c0392b</osmand:color><osmand:icon>special_symbol_remove</osmand:icon><osmand:background>octagon</osmand:background></extensions>
</wpt>
<wpt lat="38.69531" lon="-9.22748">
  <name>⛔ pontão — 100 m</name>
  <desc>Proibido pescar a menos de 100 m. Base: edital da Capitania de Lisboa.</desc>
  <type>Proibições</type>
  <extensions><osmand:color>#c0392b</osmand:color><osmand:icon>special_symbol_remove</osmand:icon><osmand:background>octagon</osmand:background></extensions>
</wpt>
<wpt lat="38.69537" lon="-9.22728">
  <name>⛔ pontão — 100 m</name>
  <desc>Proibido pescar a menos de 100 m. Base: edital da Capitania de Lisboa.</desc>
  <type>Proibições</type>
  <extensions><osmand:color>#c0392b</osmand:color><osmand:icon>special_symbol_remove</osmand:icon><osmand:background>octagon</osmand:background></extensions>
</wpt>
<wpt lat="38.69485" lon="-9.22676">
  <name>⛔ pontão — 100 m</name>
  <desc>Proibido pescar a menos de 100 m. Base: edital da Capitania de Lisboa.</desc>
  <type>Proibições</type>
  <extensions><osmand:color>#c0392b</osmand:color><osmand:icon>special_symbol_remove</osmand:icon><osmand:background>octagon</osmand:background></extensions>
</wpt>
<wpt lat="38.69454" lon="-9.22722">
  <name>⛔ pontão — 100 m</name>
  <desc>Proibido pescar a menos de 100 m. Base: edital da Capitania de Lisboa.</desc>
  <type>Proibições</type>
  <extensions><osmand:color>#c0392b</osmand:color><osmand:icon>special_symbol_remove</osmand:icon><osmand:background>octagon</osmand:background></extensions>
</wpt>
<wpt lat="38.6948" lon="-9.22762">
  <name>⛔ pontão — 100 m</name>
  <desc>Proibido pescar a menos de 100 m. Base: edital da Capitania de Lisboa.</desc>
  <type>Proibições</type>
  <extensions><osmand:color>#c0392b</osmand:color><osmand:icon>special_symbol_remove</osmand:icon><osmand:background>octagon</osmand:background></extensions>
</wpt>
<wpt lat="38.69469" lon="-9.2269">
  <name>⛔ pontão — 100 m</name>
  <desc>Proibido pescar a menos de 100 m. Base: edital da Capitania de Lisboa.</desc>
  <type>Proibições</type>
  <extensions><osmand:color>#c0392b</osmand:color><osmand:icon>special_symbol_remove</osmand:icon><osmand:background>octagon</osmand:background></extensions>
</wpt>
<wpt lat="38.69511" lon="-9.22734">
  <name>⛔ pontão — 100 m</name>
  <desc>Proibido pescar a menos de 100 m. Base: edital da Capitania de Lisboa.</desc>
  <type>Proibições</type>
  <extensions><osmand:color>#c0392b</osmand:color><osmand:icon>special_symbol_remove</osmand:icon><osmand:background>octagon</osmand:background></extensions>
</wpt>
<wpt lat="38.69472" lon="-9.22706">
  <name>⛔ pontão — 100 m</name>
  <desc>Proibido pescar a menos de 100 m. Base: edital da Capitania de Lisboa.</desc>
  <type>Proibições</type>
  <extensions><osmand:color>#c0392b</osmand:color><osmand:icon>special_symbol_remove</osmand:icon><osmand:background>octagon</osmand:background></extensions>
</wpt>
<wpt lat="38.70626" lon="-9.13506">
  <name>⛔ pontão — 100 m</name>
  <desc>Proibido pescar a menos de 100 m. Base: edital da Capitania de Lisboa.</desc>
  <type>Proibições</type>
  <extensions><osmand:color>#c0392b</osmand:color><osmand:icon>special_symbol_remove</osmand:icon><osmand:background>octagon</osmand:background></extensions>
</wpt>
<wpt lat="38.70618" lon="-9.13409">
  <name>⛔ pontão — 100 m</name>
  <desc>Proibido pescar a menos de 100 m. Base: edital da Capitania de Lisboa.</desc>
  <type>Proibições</type>
  <extensions><osmand:color>#c0392b</osmand:color><osmand:icon>special_symbol_remove</osmand:icon><osmand:background>octagon</osmand:background></extensions>
</wpt>
<wpt lat="38.70846" lon="-9.12995">
  <name>⛔ pontão — 100 m</name>
  <desc>Proibido pescar a menos de 100 m. Base: edital da Capitania de Lisboa.</desc>
  <type>Proibições</type>
  <extensions><osmand:color>#c0392b</osmand:color><osmand:icon>special_symbol_remove</osmand:icon><osmand:background>octagon</osmand:background></extensions>
</wpt>
<wpt lat="38.70827" lon="-9.12972">
  <name>⛔ pontão — 100 m</name>
  <desc>Proibido pescar a menos de 100 m. Base: edital da Capitania de Lisboa.</desc>
  <type>Proibições</type>
  <extensions><osmand:color>#c0392b</osmand:color><osmand:icon>special_symbol_remove</osmand:icon><osmand:background>octagon</osmand:background></extensions>
</wpt>
<wpt lat="38.70808" lon="-9.12991">
  <name>⛔ pontão — 100 m</name>
  <desc>Proibido pescar a menos de 100 m. Base: edital da Capitania de Lisboa.</desc>
  <type>Proibições</type>
  <extensions><osmand:color>#c0392b</osmand:color><osmand:icon>special_symbol_remove</osmand:icon><osmand:background>octagon</osmand:background></extensions>
</wpt>
<wpt lat="38.70824" lon="-9.1297">
  <name>⛔ pontão — 100 m</name>
  <desc>Proibido pescar a menos de 100 m. Base: edital da Capitania de Lisboa.</desc>
  <type>Proibições</type>
  <extensions><osmand:color>#c0392b</osmand:color><osmand:icon>special_symbol_remove</osmand:icon><osmand:background>octagon</osmand:background></extensions>
</wpt>
<wpt lat="38.70831" lon="-9.12975">
  <name>⛔ pontão — 100 m</name>
  <desc>Proibido pescar a menos de 100 m. Base: edital da Capitania de Lisboa.</desc>
  <type>Proibições</type>
  <extensions><osmand:color>#c0392b</osmand:color><osmand:icon>special_symbol_remove</osmand:icon><osmand:background>octagon</osmand:background></extensions>
</wpt>
<wpt lat="38.70838" lon="-9.1298">
  <name>⛔ pontão — 100 m</name>
  <desc>Proibido pescar a menos de 100 m. Base: edital da Capitania de Lisboa.</desc>
  <type>Proibições</type>
  <extensions><osmand:color>#c0392b</osmand:color><osmand:icon>special_symbol_remove</osmand:icon><osmand:background>octagon</osmand:background></extensions>
</wpt>
<wpt lat="38.80029" lon="-9.23394">
  <name>⛔ pontão — 100 m</name>
  <desc>Proibido pescar a menos de 100 m. Base: edital da Capitania de Lisboa.</desc>
  <type>Proibições</type>
  <extensions><osmand:color>#c0392b</osmand:color><osmand:icon>special_symbol_remove</osmand:icon><osmand:background>octagon</osmand:background></extensions>
</wpt>
<wpt lat="38.6999" lon="-9.00565">
  <name>⛔ pontão — 100 m</name>
  <desc>Proibido pescar a menos de 100 m. Base: edital da Capitania de Lisboa.</desc>
  <type>Proibições</type>
  <extensions><osmand:color>#c0392b</osmand:color><osmand:icon>special_symbol_remove</osmand:icon><osmand:background>octagon</osmand:background></extensions>
</wpt>
<wpt lat="38.72681" lon="-9.19745">
  <name>⛔ unidade militar — 100 m</name>
  <desc>Proibido pescar a menos de 100 m. Base: edital da Capitania de Lisboa.</desc>
  <type>Proibições</type>
  <extensions><osmand:color>#c0392b</osmand:color><osmand:icon>special_symbol_remove</osmand:icon><osmand:background>octagon</osmand:background></extensions>
</wpt>
<wpt lat="38.63152" lon="-9.1131">
  <name>⛔ pontão — 100 m</name>
  <desc>Proibido pescar a menos de 100 m. Base: edital da Capitania de Lisboa.</desc>
  <type>Proibições</type>
  <extensions><osmand:color>#c0392b</osmand:color><osmand:icon>special_symbol_remove</osmand:icon><osmand:background>octagon</osmand:background></extensions>
</wpt>
<wpt lat="38.6314" lon="-9.1135">
  <name>⛔ pontão — 100 m</name>
  <desc>Proibido pescar a menos de 100 m. Base: edital da Capitania de Lisboa.</desc>
  <type>Proibições</type>
  <extensions><osmand:color>#c0392b</osmand:color><osmand:icon>special_symbol_remove</osmand:icon><osmand:background>octagon</osmand:background></extensions>
</wpt>
<wpt lat="38.77017" lon="-9.09219">
  <name>⛔ pontão — 100 m</name>
  <desc>Proibido pescar a menos de 100 m. Base: edital da Capitania de Lisboa.</desc>
  <type>Proibições</type>
  <extensions><osmand:color>#c0392b</osmand:color><osmand:icon>special_symbol_remove</osmand:icon><osmand:background>octagon</osmand:background></extensions>
</wpt>
<wpt lat="38.65492" lon="-9.07991">
  <name>⛔ pontão — 100 m</name>
  <desc>Proibido pescar a menos de 100 m. Base: edital da Capitania de Lisboa.</desc>
  <type>Proibições</type>
  <extensions><osmand:color>#c0392b</osmand:color><osmand:icon>special_symbol_remove</osmand:icon><osmand:background>octagon</osmand:background></extensions>
</wpt>
<wpt lat="38.65492" lon="-9.08003">
  <name>⛔ pontão — 100 m</name>
  <desc>Proibido pescar a menos de 100 m. Base: edital da Capitania de Lisboa.</desc>
  <type>Proibições</type>
  <extensions><osmand:color>#c0392b</osmand:color><osmand:icon>special_symbol_remove</osmand:icon><osmand:background>octagon</osmand:background></extensions>
</wpt>
<wpt lat="38.6545" lon="-9.08008">
  <name>⛔ pontão — 100 m</name>
  <desc>Proibido pescar a menos de 100 m. Base: edital da Capitania de Lisboa.</desc>
  <type>Proibições</type>
  <extensions><osmand:color>#c0392b</osmand:color><osmand:icon>special_symbol_remove</osmand:icon><osmand:background>octagon</osmand:background></extensions>
</wpt>
<wpt lat="38.6539" lon="-9.08031">
  <name>⛔ pontão — 100 m</name>
  <desc>Proibido pescar a menos de 100 m. Base: edital da Capitania de Lisboa.</desc>
  <type>Proibições</type>
  <extensions><osmand:color>#c0392b</osmand:color><osmand:icon>special_symbol_remove</osmand:icon><osmand:background>octagon</osmand:background></extensions>
</wpt>
<wpt lat="38.65259" lon="-9.08082">
  <name>⛔ pontão — 100 m</name>
  <desc>Proibido pescar a menos de 100 m. Base: edital da Capitania de Lisboa.</desc>
  <type>Proibições</type>
  <extensions><osmand:color>#c0392b</osmand:color><osmand:icon>special_symbol_remove</osmand:icon><osmand:background>octagon</osmand:background></extensions>
</wpt>
<wpt lat="38.6528" lon="-9.0807">
  <name>⛔ pontão — 100 m</name>
  <desc>Proibido pescar a menos de 100 m. Base: edital da Capitania de Lisboa.</desc>
  <type>Proibições</type>
  <extensions><osmand:color>#c0392b</osmand:color><osmand:icon>special_symbol_remove</osmand:icon><osmand:background>octagon</osmand:background></extensions>
</wpt>
<wpt lat="38.65617" lon="-9.07951">
  <name>⛔ pontão — 100 m</name>
  <desc>Proibido pescar a menos de 100 m. Base: edital da Capitania de Lisboa.</desc>
  <type>Proibições</type>
  <extensions><osmand:color>#c0392b</osmand:color><osmand:icon>special_symbol_remove</osmand:icon><osmand:background>octagon</osmand:background></extensions>
</wpt>
<wpt lat="38.65163" lon="-9.07643">
  <name>⛔ pontão — 100 m</name>
  <desc>Proibido pescar a menos de 100 m. Base: edital da Capitania de Lisboa.</desc>
  <type>Proibições</type>
  <extensions><osmand:color>#c0392b</osmand:color><osmand:icon>special_symbol_remove</osmand:icon><osmand:background>octagon</osmand:background></extensions>
</wpt>
<wpt lat="38.70454" lon="-9.14669">
  <name>⛔ pontão — 100 m</name>
  <desc>Proibido pescar a menos de 100 m. Base: edital da Capitania de Lisboa.</desc>
  <type>Proibições</type>
  <extensions><osmand:color>#c0392b</osmand:color><osmand:icon>special_symbol_remove</osmand:icon><osmand:background>octagon</osmand:background></extensions>
</wpt>
<wpt lat="38.69305" lon="-9.20898">
  <name>⛔ farol — 100 m · Farol de Belém</name>
  <desc>Proibido pescar a menos de 100 m. Base: edital da Capitania de Lisboa.</desc>
  <type>Proibições</type>
  <extensions><osmand:color>#c0392b</osmand:color><osmand:icon>special_symbol_remove</osmand:icon><osmand:background>octagon</osmand:background></extensions>
</wpt>
<wpt lat="38.70466" lon="-9.25535">
  <name>⛔ pontão — 100 m</name>
  <desc>Proibido pescar a menos de 100 m. Base: edital da Capitania de Lisboa.</desc>
  <type>Proibições</type>
  <extensions><osmand:color>#c0392b</osmand:color><osmand:icon>special_symbol_remove</osmand:icon><osmand:background>octagon</osmand:background></extensions>
</wpt>
<wpt lat="38.70462" lon="-9.25535">
  <name>⛔ pontão — 100 m</name>
  <desc>Proibido pescar a menos de 100 m. Base: edital da Capitania de Lisboa.</desc>
  <type>Proibições</type>
  <extensions><osmand:color>#c0392b</osmand:color><osmand:icon>special_symbol_remove</osmand:icon><osmand:background>octagon</osmand:background></extensions>
</wpt>
<wpt lat="38.70459" lon="-9.25535">
  <name>⛔ pontão — 100 m</name>
  <desc>Proibido pescar a menos de 100 m. Base: edital da Capitania de Lisboa.</desc>
  <type>Proibições</type>
  <extensions><osmand:color>#c0392b</osmand:color><osmand:icon>special_symbol_remove</osmand:icon><osmand:background>octagon</osmand:background></extensions>
</wpt>
<wpt lat="38.70455" lon="-9.25534">
  <name>⛔ pontão — 100 m</name>
  <desc>Proibido pescar a menos de 100 m. Base: edital da Capitania de Lisboa.</desc>
  <type>Proibições</type>
  <extensions><osmand:color>#c0392b</osmand:color><osmand:icon>special_symbol_remove</osmand:icon><osmand:background>octagon</osmand:background></extensions>
</wpt>
<wpt lat="38.70452" lon="-9.25534">
  <name>⛔ pontão — 100 m</name>
  <desc>Proibido pescar a menos de 100 m. Base: edital da Capitania de Lisboa.</desc>
  <type>Proibições</type>
  <extensions><osmand:color>#c0392b</osmand:color><osmand:icon>special_symbol_remove</osmand:icon><osmand:background>octagon</osmand:background></extensions>
</wpt>
<wpt lat="38.70448" lon="-9.25534">
  <name>⛔ pontão — 100 m</name>
  <desc>Proibido pescar a menos de 100 m. Base: edital da Capitania de Lisboa.</desc>
  <type>Proibições</type>
  <extensions><osmand:color>#c0392b</osmand:color><osmand:icon>special_symbol_remove</osmand:icon><osmand:background>octagon</osmand:background></extensions>
</wpt>
<wpt lat="38.70445" lon="-9.25534">
  <name>⛔ pontão — 100 m</name>
  <desc>Proibido pescar a menos de 100 m. Base: edital da Capitania de Lisboa.</desc>
  <type>Proibições</type>
  <extensions><osmand:color>#c0392b</osmand:color><osmand:icon>special_symbol_remove</osmand:icon><osmand:background>octagon</osmand:background></extensions>
</wpt>
<wpt lat="38.76353" lon="-9.09192">
  <name>⛔ pontão — 100 m</name>
  <desc>Proibido pescar a menos de 100 m. Base: edital da Capitania de Lisboa.</desc>
  <type>Proibições</type>
  <extensions><osmand:color>#c0392b</osmand:color><osmand:icon>special_symbol_remove</osmand:icon><osmand:background>octagon</osmand:background></extensions>
</wpt>
<wpt lat="38.7635" lon="-9.09214">
  <name>⛔ pontão — 100 m</name>
  <desc>Proibido pescar a menos de 100 m. Base: edital da Capitania de Lisboa.</desc>
  <type>Proibições</type>
  <extensions><osmand:color>#c0392b</osmand:color><osmand:icon>special_symbol_remove</osmand:icon><osmand:background>octagon</osmand:background></extensions>
</wpt>
<wpt lat="38.75496" lon="-9.09401">
  <name>⛔ pontão — 100 m</name>
  <desc>Proibido pescar a menos de 100 m. Base: edital da Capitania de Lisboa.</desc>
  <type>Proibições</type>
  <extensions><osmand:color>#c0392b</osmand:color><osmand:icon>special_symbol_remove</osmand:icon><osmand:background>octagon</osmand:background></extensions>
</wpt>
<wpt lat="38.7558" lon="-9.09183">
  <name>⛔ pontão — 100 m · Cais de Eventos</name>
  <desc>Proibido pescar a menos de 100 m. Base: edital da Capitania de Lisboa.</desc>
  <type>Proibições</type>
  <extensions><osmand:color>#c0392b</osmand:color><osmand:icon>special_symbol_remove</osmand:icon><osmand:background>octagon</osmand:background></extensions>
</wpt>
<wpt lat="38.75829" lon="-9.09257">
  <name>⛔ pontão — 100 m</name>
  <desc>Proibido pescar a menos de 100 m. Base: edital da Capitania de Lisboa.</desc>
  <type>Proibições</type>
  <extensions><osmand:color>#c0392b</osmand:color><osmand:icon>special_symbol_remove</osmand:icon><osmand:background>octagon</osmand:background></extensions>
</wpt>
<wpt lat="38.75819" lon="-9.09266">
  <name>⛔ pontão — 100 m</name>
  <desc>Proibido pescar a menos de 100 m. Base: edital da Capitania de Lisboa.</desc>
  <type>Proibições</type>
  <extensions><osmand:color>#c0392b</osmand:color><osmand:icon>special_symbol_remove</osmand:icon><osmand:background>octagon</osmand:background></extensions>
</wpt>
<wpt lat="38.75808" lon="-9.09303">
  <name>⛔ pontão — 100 m · K</name>
  <desc>Proibido pescar a menos de 100 m. Base: edital da Capitania de Lisboa.</desc>
  <type>Proibições</type>
  <extensions><osmand:color>#c0392b</osmand:color><osmand:icon>special_symbol_remove</osmand:icon><osmand:background>octagon</osmand:background></extensions>
</wpt>
<wpt lat="38.66983" lon="-9.0074">
  <name>⛔ pontão — 100 m</name>
  <desc>Proibido pescar a menos de 100 m. Base: edital da Capitania de Lisboa.</desc>
  <type>Proibições</type>
  <extensions><osmand:color>#c0392b</osmand:color><osmand:icon>special_symbol_remove</osmand:icon><osmand:background>octagon</osmand:background></extensions>
</wpt>
<wpt lat="38.66963" lon="-9.00752">
  <name>⛔ pontão — 100 m</name>
  <desc>Proibido pescar a menos de 100 m. Base: edital da Capitania de Lisboa.</desc>
  <type>Proibições</type>
  <extensions><osmand:color>#c0392b</osmand:color><osmand:icon>special_symbol_remove</osmand:icon><osmand:background>octagon</osmand:background></extensions>
</wpt>
<wpt lat="38.76238" lon="-9.09231">
  <name>⛔ pontão — 100 m</name>
  <desc>Proibido pescar a menos de 100 m. Base: edital da Capitania de Lisboa.</desc>
  <type>Proibições</type>
  <extensions><osmand:color>#c0392b</osmand:color><osmand:icon>special_symbol_remove</osmand:icon><osmand:background>octagon</osmand:background></extensions>
</wpt>
<wpt lat="38.77346" lon="-9.09139">
  <name>⛔ pontão — 100 m</name>
  <desc>Proibido pescar a menos de 100 m. Base: edital da Capitania de Lisboa.</desc>
  <type>Proibições</type>
  <extensions><osmand:color>#c0392b</osmand:color><osmand:icon>special_symbol_remove</osmand:icon><osmand:background>octagon</osmand:background></extensions>
</wpt>
<wpt lat="38.71936" lon="-9.16298">
  <name>⛔ unidade militar — 100 m · Comando das Forças Terrestre</name>
  <desc>Proibido pescar a menos de 100 m. Base: edital da Capitania de Lisboa.</desc>
  <type>Proibições</type>
  <extensions><osmand:color>#c0392b</osmand:color><osmand:icon>special_symbol_remove</osmand:icon><osmand:background>octagon</osmand:background></extensions>
</wpt>
<wpt lat="38.71156" lon="-9.12449">
  <name>⛔ pontão — 100 m</name>
  <desc>Proibido pescar a menos de 100 m. Base: edital da Capitania de Lisboa.</desc>
  <type>Proibições</type>
  <extensions><osmand:color>#c0392b</osmand:color><osmand:icon>special_symbol_remove</osmand:icon><osmand:background>octagon</osmand:background></extensions>
</wpt>
<wpt lat="38.70243" lon="-9.16573">
  <name>⛔ pontão — 100 m</name>
  <desc>Proibido pescar a menos de 100 m. Base: edital da Capitania de Lisboa.</desc>
  <type>Proibições</type>
  <extensions><osmand:color>#c0392b</osmand:color><osmand:icon>special_symbol_remove</osmand:icon><osmand:background>octagon</osmand:background></extensions>
</wpt>
<wpt lat="38.70249" lon="-9.16538">
  <name>⛔ pontão — 100 m</name>
  <desc>Proibido pescar a menos de 100 m. Base: edital da Capitania de Lisboa.</desc>
  <type>Proibições</type>
  <extensions><osmand:color>#c0392b</osmand:color><osmand:icon>special_symbol_remove</osmand:icon><osmand:background>octagon</osmand:background></extensions>
</wpt>
<wpt lat="38.70256" lon="-9.165">
  <name>⛔ pontão — 100 m</name>
  <desc>Proibido pescar a menos de 100 m. Base: edital da Capitania de Lisboa.</desc>
  <type>Proibições</type>
  <extensions><osmand:color>#c0392b</osmand:color><osmand:icon>special_symbol_remove</osmand:icon><osmand:background>octagon</osmand:background></extensions>
</wpt>
<wpt lat="38.70262" lon="-9.16464">
  <name>⛔ pontão — 100 m</name>
  <desc>Proibido pescar a menos de 100 m. Base: edital da Capitania de Lisboa.</desc>
  <type>Proibições</type>
  <extensions><osmand:color>#c0392b</osmand:color><osmand:icon>special_symbol_remove</osmand:icon><osmand:background>octagon</osmand:background></extensions>
</wpt>
<wpt lat="38.75511" lon="-9.09359">
  <name>⛔ pontão — 100 m</name>
  <desc>Proibido pescar a menos de 100 m. Base: edital da Capitania de Lisboa.</desc>
  <type>Proibições</type>
  <extensions><osmand:color>#c0392b</osmand:color><osmand:icon>special_symbol_remove</osmand:icon><osmand:background>octagon</osmand:background></extensions>
</wpt>
<wpt lat="38.75697" lon="-8.96637">
  <name>⛔ pontão — 100 m</name>
  <desc>Proibido pescar a menos de 100 m. Base: edital da Capitania de Lisboa.</desc>
  <type>Proibições</type>
  <extensions><osmand:color>#c0392b</osmand:color><osmand:icon>special_symbol_remove</osmand:icon><osmand:background>octagon</osmand:background></extensions>
</wpt>
<wpt lat="38.76689" lon="-9.09314">
  <name>⛔ pontão — 100 m</name>
  <desc>Proibido pescar a menos de 100 m. Base: edital da Capitania de Lisboa.</desc>
  <type>Proibições</type>
  <extensions><osmand:color>#c0392b</osmand:color><osmand:icon>special_symbol_remove</osmand:icon><osmand:background>octagon</osmand:background></extensions>
</wpt>
<wpt lat="38.727" lon="-9.15635">
  <name>⛔ unidade militar — 100 m</name>
  <desc>Proibido pescar a menos de 100 m. Base: edital da Capitania de Lisboa.</desc>
  <type>Proibições</type>
  <extensions><osmand:color>#c0392b</osmand:color><osmand:icon>special_symbol_remove</osmand:icon><osmand:background>octagon</osmand:background></extensions>
</wpt>
<wpt lat="38.75663" lon="-9.09159">
  <name>⛔ pontão — 100 m</name>
  <desc>Proibido pescar a menos de 100 m. Base: edital da Capitania de Lisboa.</desc>
  <type>Proibições</type>
  <extensions><osmand:color>#c0392b</osmand:color><osmand:icon>special_symbol_remove</osmand:icon><osmand:background>octagon</osmand:background></extensions>
</wpt>
<wpt lat="38.69248" lon="-9.21256">
  <name>⛔ pontão — 100 m</name>
  <desc>Proibido pescar a menos de 100 m. Base: edital da Capitania de Lisboa.</desc>
  <type>Proibições</type>
  <extensions><osmand:color>#c0392b</osmand:color><osmand:icon>special_symbol_remove</osmand:icon><osmand:background>octagon</osmand:background></extensions>
</wpt>
<wpt lat="38.69249" lon="-9.21253">
  <name>⛔ pontão — 100 m</name>
  <desc>Proibido pescar a menos de 100 m. Base: edital da Capitania de Lisboa.</desc>
  <type>Proibições</type>
  <extensions><osmand:color>#c0392b</osmand:color><osmand:icon>special_symbol_remove</osmand:icon><osmand:background>octagon</osmand:background></extensions>
</wpt>
<wpt lat="38.80027" lon="-9.23462">
  <name>⛔ pontão — 100 m</name>
  <desc>Proibido pescar a menos de 100 m. Base: edital da Capitania de Lisboa.</desc>
  <type>Proibições</type>
  <extensions><osmand:color>#c0392b</osmand:color><osmand:icon>special_symbol_remove</osmand:icon><osmand:background>octagon</osmand:background></extensions>
</wpt>
<wpt lat="38.66722" lon="-9.15382">
  <name>⛔ unidade militar — 100 m</name>
  <desc>Proibido pescar a menos de 100 m. Base: edital da Capitania de Lisboa.</desc>
  <type>Proibições</type>
  <extensions><osmand:color>#c0392b</osmand:color><osmand:icon>special_symbol_remove</osmand:icon><osmand:background>octagon</osmand:background></extensions>
</wpt>
<wpt lat="38.66535" lon="-9.07732">
  <name>⛔ pontão — 100 m</name>
  <desc>Proibido pescar a menos de 100 m. Base: edital da Capitania de Lisboa.</desc>
  <type>Proibições</type>
  <extensions><osmand:color>#c0392b</osmand:color><osmand:icon>special_symbol_remove</osmand:icon><osmand:background>octagon</osmand:background></extensions>
</wpt>
<wpt lat="38.66578" lon="-9.07713">
  <name>⛔ pontão — 100 m</name>
  <desc>Proibido pescar a menos de 100 m. Base: edital da Capitania de Lisboa.</desc>
  <type>Proibições</type>
  <extensions><osmand:color>#c0392b</osmand:color><osmand:icon>special_symbol_remove</osmand:icon><osmand:background>octagon</osmand:background></extensions>
</wpt>
<wpt lat="38.66232" lon="-9.08741">
  <name>⛔ pontão — 100 m</name>
  <desc>Proibido pescar a menos de 100 m. Base: edital da Capitania de Lisboa.</desc>
  <type>Proibições</type>
  <extensions><osmand:color>#c0392b</osmand:color><osmand:icon>special_symbol_remove</osmand:icon><osmand:background>octagon</osmand:background></extensions>
</wpt>
<wpt lat="38.66274" lon="-9.08623">
  <name>⛔ pontão — 100 m</name>
  <desc>Proibido pescar a menos de 100 m. Base: edital da Capitania de Lisboa.</desc>
  <type>Proibições</type>
  <extensions><osmand:color>#c0392b</osmand:color><osmand:icon>special_symbol_remove</osmand:icon><osmand:background>octagon</osmand:background></extensions>
</wpt>
<wpt lat="38.66312" lon="-9.08503">
  <name>⛔ pontão — 100 m</name>
  <desc>Proibido pescar a menos de 100 m. Base: edital da Capitania de Lisboa.</desc>
  <type>Proibições</type>
  <extensions><osmand:color>#c0392b</osmand:color><osmand:icon>special_symbol_remove</osmand:icon><osmand:background>octagon</osmand:background></extensions>
</wpt>
<wpt lat="38.69404" lon="-9.22662">
  <name>⛔ pontão — 100 m</name>
  <desc>Proibido pescar a menos de 100 m. Base: edital da Capitania de Lisboa.</desc>
  <type>Proibições</type>
  <extensions><osmand:color>#c0392b</osmand:color><osmand:icon>special_symbol_remove</osmand:icon><osmand:background>octagon</osmand:background></extensions>
</wpt>
<wpt lat="38.74979" lon="-9.09432">
  <name>⛔ pontão — 100 m</name>
  <desc>Proibido pescar a menos de 100 m. Base: edital da Capitania de Lisboa.</desc>
  <type>Proibições</type>
  <extensions><osmand:color>#c0392b</osmand:color><osmand:icon>special_symbol_remove</osmand:icon><osmand:background>octagon</osmand:background></extensions>
</wpt>
<wpt lat="38.68655" lon="-9.14615">
  <name>⛔ doca/marina — 100 m</name>
  <desc>Proibido pescar a menos de 100 m. Base: edital da Capitania de Lisboa.</desc>
  <type>Proibições</type>
  <extensions><osmand:color>#c0392b</osmand:color><osmand:icon>special_symbol_remove</osmand:icon><osmand:background>octagon</osmand:background></extensions>
</wpt>
<wpt lat="38.70867" lon="-9.15759">
  <name>⛔ unidade militar — 100 m · Convento das Trinas de Mocam</name>
  <desc>Proibido pescar a menos de 100 m. Base: edital da Capitania de Lisboa.</desc>
  <type>Proibições</type>
  <extensions><osmand:color>#c0392b</osmand:color><osmand:icon>special_symbol_remove</osmand:icon><osmand:background>octagon</osmand:background></extensions>
</wpt>
<wpt lat="38.71259" lon="-9.14041">
  <name>⛔ unidade militar — 100 m · Quartel do Carmo</name>
  <desc>Proibido pescar a menos de 100 m. Base: edital da Capitania de Lisboa.</desc>
  <type>Proibições</type>
  <extensions><osmand:color>#c0392b</osmand:color><osmand:icon>special_symbol_remove</osmand:icon><osmand:background>octagon</osmand:background></extensions>
</wpt>
<wpt lat="38.70719" lon="-9.13967">
  <name>⛔ unidade militar — 100 m · Administração Central da Mar</name>
  <desc>Proibido pescar a menos de 100 m. Base: edital da Capitania de Lisboa.</desc>
  <type>Proibições</type>
  <extensions><osmand:color>#c0392b</osmand:color><osmand:icon>special_symbol_remove</osmand:icon><osmand:background>octagon</osmand:background></extensions>
</wpt>
<wpt lat="38.68685" lon="-9.14673">
  <name>⛔ doca/marina — 100 m</name>
  <desc>Proibido pescar a menos de 100 m. Base: edital da Capitania de Lisboa.</desc>
  <type>Proibições</type>
  <extensions><osmand:color>#c0392b</osmand:color><osmand:icon>special_symbol_remove</osmand:icon><osmand:background>octagon</osmand:background></extensions>
</wpt>
<wpt lat="38.68482" lon="-9.15578">
  <name>⛔ unidade militar — 100 m · Castelo de Almada</name>
  <desc>Proibido pescar a menos de 100 m. Base: edital da Capitania de Lisboa.</desc>
  <type>Proibições</type>
  <extensions><osmand:color>#c0392b</osmand:color><osmand:icon>special_symbol_remove</osmand:icon><osmand:background>octagon</osmand:background></extensions>
</wpt>
<wpt lat="38.62224" lon="-9.1058">
  <name>⛔ pontão — 100 m</name>
  <desc>Proibido pescar a menos de 100 m. Base: edital da Capitania de Lisboa.</desc>
  <type>Proibições</type>
  <extensions><osmand:color>#c0392b</osmand:color><osmand:icon>special_symbol_remove</osmand:icon><osmand:background>octagon</osmand:background></extensions>
</wpt>
<wpt lat="38.64313" lon="-9.0827">
  <name>⛔ unidade militar — 100 m · Base Hidrográfica Vice-almir</name>
  <desc>Proibido pescar a menos de 100 m. Base: edital da Capitania de Lisboa.</desc>
  <type>Proibições</type>
  <extensions><osmand:color>#c0392b</osmand:color><osmand:icon>special_symbol_remove</osmand:icon><osmand:background>octagon</osmand:background></extensions>
</wpt>
<wpt lat="38.64225" lon="-9.07913">
  <name>⛔ pontão — 100 m</name>
  <desc>Proibido pescar a menos de 100 m. Base: edital da Capitania de Lisboa.</desc>
  <type>Proibições</type>
  <extensions><osmand:color>#c0392b</osmand:color><osmand:icon>special_symbol_remove</osmand:icon><osmand:background>octagon</osmand:background></extensions>
</wpt>
<wpt lat="38.64664" lon="-9.10737">
  <name>⛔ pontão — 100 m</name>
  <desc>Proibido pescar a menos de 100 m. Base: edital da Capitania de Lisboa.</desc>
  <type>Proibições</type>
  <extensions><osmand:color>#c0392b</osmand:color><osmand:icon>special_symbol_remove</osmand:icon><osmand:background>octagon</osmand:background></extensions>
</wpt>
<wpt lat="38.65623" lon="-9.12946">
  <name>⛔ pontão — 100 m</name>
  <desc>Proibido pescar a menos de 100 m. Base: edital da Capitania de Lisboa.</desc>
  <type>Proibições</type>
  <extensions><osmand:color>#c0392b</osmand:color><osmand:icon>special_symbol_remove</osmand:icon><osmand:background>octagon</osmand:background></extensions>
</wpt>
<wpt lat="38.66067" lon="-9.14269">
  <name>⛔ unidade militar — 100 m · Base Naval de Lisboa</name>
  <desc>Proibido pescar a menos de 100 m. Base: edital da Capitania de Lisboa.</desc>
  <type>Proibições</type>
  <extensions><osmand:color>#c0392b</osmand:color><osmand:icon>special_symbol_remove</osmand:icon><osmand:background>octagon</osmand:background></extensions>
</wpt>
<wpt lat="38.64516" lon="-9.10353">
  <name>⛔ pontão — 100 m</name>
  <desc>Proibido pescar a menos de 100 m. Base: edital da Capitania de Lisboa.</desc>
  <type>Proibições</type>
  <extensions><osmand:color>#c0392b</osmand:color><osmand:icon>special_symbol_remove</osmand:icon><osmand:background>octagon</osmand:background></extensions>
</wpt>
<wpt lat="38.67428" lon="-9.23114">
  <name>⛔ cais/terminal acostável — 300 m · Estação Fluvial da Trafaria</name>
  <desc>Proibido pescar a menos de 300 m. Base: edital da Capitania de Lisboa.</desc>
  <type>Proibições</type>
  <extensions><osmand:color>#c0392b</osmand:color><osmand:icon>special_symbol_remove</osmand:icon><osmand:background>octagon</osmand:background></extensions>
</wpt>
<wpt lat="38.70939" lon="-9.16763">
  <name>⛔ unidade militar — 100 m · Instituto de Defesa Nacional</name>
  <desc>Proibido pescar a menos de 100 m. Base: edital da Capitania de Lisboa.</desc>
  <type>Proibições</type>
  <extensions><osmand:color>#c0392b</osmand:color><osmand:icon>special_symbol_remove</osmand:icon><osmand:background>octagon</osmand:background></extensions>
</wpt>
<wpt lat="38.6316" lon="-9.11355">
  <name>⛔ doca/marina — 100 m · Estação Náutica &quot;Baía do Sei</name>
  <desc>Proibido pescar a menos de 100 m. Base: edital da Capitania de Lisboa.</desc>
  <type>Proibições</type>
  <extensions><osmand:color>#c0392b</osmand:color><osmand:icon>special_symbol_remove</osmand:icon><osmand:background>octagon</osmand:background></extensions>
</wpt>
<wpt lat="38.69458" lon="-9.20314">
  <name>⛔ doca/marina — 100 m · Doca de Belém</name>
  <desc>Proibido pescar a menos de 100 m. Base: edital da Capitania de Lisboa.</desc>
  <type>Proibições</type>
  <extensions><osmand:color>#c0392b</osmand:color><osmand:icon>special_symbol_remove</osmand:icon><osmand:background>octagon</osmand:background></extensions>
</wpt>
<wpt lat="38.60447" lon="-9.03057">
  <name>⛔ unidade militar — 100 m · Centro de Comunicações de Da</name>
  <desc>Proibido pescar a menos de 100 m. Base: edital da Capitania de Lisboa.</desc>
  <type>Proibições</type>
  <extensions><osmand:color>#c0392b</osmand:color><osmand:icon>special_symbol_remove</osmand:icon><osmand:background>octagon</osmand:background></extensions>
</wpt>
<wpt lat="38.70163" lon="-9.16726">
  <name>⛔ doca/marina — 100 m · Doca de Alcântara</name>
  <desc>Proibido pescar a menos de 100 m. Base: edital da Capitania de Lisboa.</desc>
  <type>Proibições</type>
  <extensions><osmand:color>#c0392b</osmand:color><osmand:icon>special_symbol_remove</osmand:icon><osmand:background>octagon</osmand:background></extensions>
</wpt>
<wpt lat="38.78798" lon="-9.09533">
  <name>⛔ esgoto/ETAR ⚠️ — 100 m · ETAR de Beirolas</name>
  <desc>Proibido pescar a menos de 100 m. Base: proibição NACIONAL (Portaria 14/2014, art. 8.º).</desc>
  <type>Proibições</type>
  <extensions><osmand:color>#c0392b</osmand:color><osmand:icon>special_symbol_remove</osmand:icon><osmand:background>octagon</osmand:background></extensions>
</wpt>
<wpt lat="38.73231" lon="-9.11873">
  <name>⛔ esgoto/ETAR ⚠️ — 100 m · Estação de Tratamento de Águ</name>
  <desc>Proibido pescar a menos de 100 m. Base: proibição NACIONAL (Portaria 14/2014, art. 8.º).</desc>
  <type>Proibições</type>
  <extensions><osmand:color>#c0392b</osmand:color><osmand:icon>special_symbol_remove</osmand:icon><osmand:background>octagon</osmand:background></extensions>
</wpt>
<wpt lat="38.72079" lon="-9.17459">
  <name>⛔ esgoto/ETAR ⚠️ — 100 m · Fábrica da Água de Alcântara</name>
  <desc>Proibido pescar a menos de 100 m. Base: proibição NACIONAL (Portaria 14/2014, art. 8.º).</desc>
  <type>Proibições</type>
  <extensions><osmand:color>#c0392b</osmand:color><osmand:icon>special_symbol_remove</osmand:icon><osmand:background>octagon</osmand:background></extensions>
</wpt>
<wpt lat="38.67275" lon="-9.15207">
  <name>⛔ esgoto/ETAR ⚠️ — 100 m · Estação de Tratamento de Águ</name>
  <desc>Proibido pescar a menos de 100 m. Base: proibição NACIONAL (Portaria 14/2014, art. 8.º).</desc>
  <type>Proibições</type>
  <extensions><osmand:color>#c0392b</osmand:color><osmand:icon>special_symbol_remove</osmand:icon><osmand:background>octagon</osmand:background></extensions>
</wpt>
<wpt lat="38.66496" lon="-9.14266">
  <name>⛔ estaleiro naval — 100 m · Arsenal do Alfeite</name>
  <desc>Proibido pescar a menos de 100 m. Base: proibição NACIONAL (Portaria 14/2014, art. 8.º).</desc>
  <type>Proibições</type>
  <extensions><osmand:color>#c0392b</osmand:color><osmand:icon>special_symbol_remove</osmand:icon><osmand:background>octagon</osmand:background></extensions>
</wpt>
<wpt lat="38.70284" lon="-9.00083">
  <name>⛔ esgoto/ETAR ⚠️ — 100 m · ETAR do Seixalinho</name>
  <desc>Proibido pescar a menos de 100 m. Base: proibição NACIONAL (Portaria 14/2014, art. 8.º).</desc>
  <type>Proibições</type>
  <extensions><osmand:color>#c0392b</osmand:color><osmand:icon>special_symbol_remove</osmand:icon><osmand:background>octagon</osmand:background></extensions>
</wpt>
<wpt lat="38.69582" lon="-8.96224">
  <name>⛔ esgoto/ETAR ⚠️ — 100 m · ETAR do Afonsoeiro</name>
  <desc>Proibido pescar a menos de 100 m. Base: proibição NACIONAL (Portaria 14/2014, art. 8.º).</desc>
  <type>Proibições</type>
  <extensions><osmand:color>#c0392b</osmand:color><osmand:icon>special_symbol_remove</osmand:icon><osmand:background>octagon</osmand:background></extensions>
</wpt>
<wpt lat="38.67623" lon="-9.21117">
  <name>⛔ estaleiro naval — 100 m · Estação de Assistência Naval</name>
  <desc>Proibido pescar a menos de 100 m. Base: proibição NACIONAL (Portaria 14/2014, art. 8.º).</desc>
  <type>Proibições</type>
  <extensions><osmand:color>#c0392b</osmand:color><osmand:icon>special_symbol_remove</osmand:icon><osmand:background>octagon</osmand:background></extensions>
</wpt>
<wpt lat="38.65337" lon="-9.03224">
  <name>⛔ esgoto/ETAR ⚠️ — 100 m</name>
  <desc>Proibido pescar a menos de 100 m. Base: proibição NACIONAL (Portaria 14/2014, art. 8.º).</desc>
  <type>Proibições</type>
  <extensions><osmand:color>#c0392b</osmand:color><osmand:icon>special_symbol_remove</osmand:icon><osmand:background>octagon</osmand:background></extensions>
</wpt>
<wpt lat="38.706" lon="-9.04681">
  <name>⛔ esgoto/ETAR ⚠️ — 100 m</name>
  <desc>Proibido pescar a menos de 100 m. Base: proibição NACIONAL (Portaria 14/2014, art. 8.º).</desc>
  <type>Proibições</type>
  <extensions><osmand:color>#c0392b</osmand:color><osmand:icon>special_symbol_remove</osmand:icon><osmand:background>octagon</osmand:background></extensions>
</wpt>
<wpt lat="38.64786" lon="-9.14106">
  <name>⛔ esgoto/ETAR ⚠️ — 100 m</name>
  <desc>Proibido pescar a menos de 100 m. Base: proibição NACIONAL (Portaria 14/2014, art. 8.º).</desc>
  <type>Proibições</type>
  <extensions><osmand:color>#c0392b</osmand:color><osmand:icon>special_symbol_remove</osmand:icon><osmand:background>octagon</osmand:background></extensions>
</wpt>
<wpt lat="38.59521" lon="-9.10835">
  <name>⛔ esgoto/ETAR ⚠️ — 100 m · ETAR de Fernão Ferro</name>
  <desc>Proibido pescar a menos de 100 m. Base: proibição NACIONAL (Portaria 14/2014, art. 8.º).</desc>
  <type>Proibições</type>
  <extensions><osmand:color>#c0392b</osmand:color><osmand:icon>special_symbol_remove</osmand:icon><osmand:background>octagon</osmand:background></extensions>
</wpt>
<wpt lat="38.65718" lon="-9.03118">
  <name>⛔ esgoto/ETAR ⚠️ — 100 m · Estação Elevatória</name>
  <desc>Proibido pescar a menos de 100 m. Base: proibição NACIONAL (Portaria 14/2014, art. 8.º).</desc>
  <type>Proibições</type>
  <extensions><osmand:color>#c0392b</osmand:color><osmand:icon>special_symbol_remove</osmand:icon><osmand:background>octagon</osmand:background></extensions>
</wpt>
<wpt lat="38.67518" lon="-9.04505">
  <name>⛔ esgoto/ETAR ⚠️ — 100 m · ETAR do Barreiro/Moita</name>
  <desc>Proibido pescar a menos de 100 m. Base: proibição NACIONAL (Portaria 14/2014, art. 8.º).</desc>
  <type>Proibições</type>
  <extensions><osmand:color>#c0392b</osmand:color><osmand:icon>special_symbol_remove</osmand:icon><osmand:background>octagon</osmand:background></extensions>
</wpt>
<wpt lat="38.74007" lon="-8.97355">
  <name>⛔ esgoto/ETAR ⚠️ — 100 m · ETAR de Alcochete</name>
  <desc>Proibido pescar a menos de 100 m. Base: proibição NACIONAL (Portaria 14/2014, art. 8.º).</desc>
  <type>Proibições</type>
  <extensions><osmand:color>#c0392b</osmand:color><osmand:icon>special_symbol_remove</osmand:icon><osmand:background>octagon</osmand:background></extensions>
</wpt>
<wpt lat="38.57963" lon="-8.94856">
  <name>⛔ esgoto/ETAR ⚠️ — 100 m · ETAR</name>
  <desc>Proibido pescar a menos de 100 m. Base: proibição NACIONAL (Portaria 14/2014, art. 8.º).</desc>
  <type>Proibições</type>
  <extensions><osmand:color>#c0392b</osmand:color><osmand:icon>special_symbol_remove</osmand:icon><osmand:background>octagon</osmand:background></extensions>
</wpt>
<wpt lat="38.70365" lon="-9.15933">
  <name>⛔ estaleiro naval — 100 m · Estaleiro da Rocha do Conde </name>
  <desc>Proibido pescar a menos de 100 m. Base: proibição NACIONAL (Portaria 14/2014, art. 8.º).</desc>
  <type>Proibições</type>
  <extensions><osmand:color>#c0392b</osmand:color><osmand:icon>special_symbol_remove</osmand:icon><osmand:background>octagon</osmand:background></extensions>
</wpt>
<wpt lat="38.64415" lon="-9.10032">
  <name>⛔ esgoto/ETAR ⚠️ — 100 m · Estação Elevatória do Seixal</name>
  <desc>Proibido pescar a menos de 100 m. Base: proibição NACIONAL (Portaria 14/2014, art. 8.º).</desc>
  <type>Proibições</type>
  <extensions><osmand:color>#c0392b</osmand:color><osmand:icon>special_symbol_remove</osmand:icon><osmand:background>octagon</osmand:background></extensions>
</wpt>
<wpt lat="38.67429" lon="-9.21985">
  <name>⛔ esgoto/ETAR ⚠️ — 100 m · Estação de Tratamento de Águ</name>
  <desc>Proibido pescar a menos de 100 m. Base: proibição NACIONAL (Portaria 14/2014, art. 8.º).</desc>
  <type>Proibições</type>
  <extensions><osmand:color>#c0392b</osmand:color><osmand:icon>special_symbol_remove</osmand:icon><osmand:background>octagon</osmand:background></extensions>
</wpt>
<wpt lat="38.67505" lon="-9.17961">
  <name>⛔ esgoto/ETAR ⚠️ — 100 m · Estação de Tratamento de Águ</name>
  <desc>Proibido pescar a menos de 100 m. Base: proibição NACIONAL (Portaria 14/2014, art. 8.º).</desc>
  <type>Proibições</type>
  <extensions><osmand:color>#c0392b</osmand:color><osmand:icon>special_symbol_remove</osmand:icon><osmand:background>octagon</osmand:background></extensions>
</wpt>
<wpt lat="38.74674" lon="-9.24711">
  <name>⛔ esgoto/ETAR ⚠️ — 100 m</name>
  <desc>Proibido pescar a menos de 100 m. Base: proibição NACIONAL (Portaria 14/2014, art. 8.º).</desc>
  <type>Proibições</type>
  <extensions><osmand:color>#c0392b</osmand:color><osmand:icon>special_symbol_remove</osmand:icon><osmand:background>octagon</osmand:background></extensions>
</wpt>
<wpt lat="38.60713" lon="-8.91557">
  <name>⛔ esgoto/ETAR ⚠️ — 100 m · ETAR da Lagoínha</name>
  <desc>Proibido pescar a menos de 100 m. Base: proibição NACIONAL (Portaria 14/2014, art. 8.º).</desc>
  <type>Proibições</type>
  <extensions><osmand:color>#c0392b</osmand:color><osmand:icon>special_symbol_remove</osmand:icon><osmand:background>octagon</osmand:background></extensions>
</wpt>
<wpt lat="38.65237" lon="-8.8779">
  <name>⛔ esgoto/ETAR ⚠️ — 100 m · ETAR de Pinhal Novo</name>
  <desc>Proibido pescar a menos de 100 m. Base: proibição NACIONAL (Portaria 14/2014, art. 8.º).</desc>
  <type>Proibições</type>
  <extensions><osmand:color>#c0392b</osmand:color><osmand:icon>special_symbol_remove</osmand:icon><osmand:background>octagon</osmand:background></extensions>
</wpt>
<wpt lat="38.5659" lon="-8.87039">
  <name>⛔ esgoto/ETAR ⚠️ — 100 m · ETAR de Aires</name>
  <desc>Proibido pescar a menos de 100 m. Base: proibição NACIONAL (Portaria 14/2014, art. 8.º).</desc>
  <type>Proibições</type>
  <extensions><osmand:color>#c0392b</osmand:color><osmand:icon>special_symbol_remove</osmand:icon><osmand:background>octagon</osmand:background></extensions>
</wpt>
<wpt lat="38.70565" lon="-9.1414">
  <name>⛔ esgoto/ETAR ⚠️ — 100 m</name>
  <desc>Proibido pescar a menos de 100 m. Base: proibição NACIONAL (Portaria 14/2014, art. 8.º).</desc>
  <type>Proibições</type>
  <extensions><osmand:color>#c0392b</osmand:color><osmand:icon>special_symbol_remove</osmand:icon><osmand:background>octagon</osmand:background></extensions>
</wpt>
<wpt lat="38.59869" lon="-8.99357">
  <name>⛔ esgoto/ETAR ⚠️ — 100 m · ETAR da Quinta do Anjo</name>
  <desc>Proibido pescar a menos de 100 m. Base: proibição NACIONAL (Portaria 14/2014, art. 8.º).</desc>
  <type>Proibições</type>
  <extensions><osmand:color>#c0392b</osmand:color><osmand:icon>special_symbol_remove</osmand:icon><osmand:background>octagon</osmand:background></extensions>
</wpt>
<wpt lat="38.82031" lon="-9.15022">
  <name>⛔ esgoto/ETAR ⚠️ — 100 m · ETAR de Frielas</name>
  <desc>Proibido pescar a menos de 100 m. Base: proibição NACIONAL (Portaria 14/2014, art. 8.º).</desc>
  <type>Proibições</type>
  <extensions><osmand:color>#c0392b</osmand:color><osmand:icon>special_symbol_remove</osmand:icon><osmand:background>octagon</osmand:background></extensions>
</wpt>
<wpt lat="38.70079" lon="-8.96315">
  <name>⛔ esgoto/ETAR ⚠️ — 100 m · SIMARSUL</name>
  <desc>Proibido pescar a menos de 100 m. Base: proibição NACIONAL (Portaria 14/2014, art. 8.º).</desc>
  <type>Proibições</type>
  <extensions><osmand:color>#c0392b</osmand:color><osmand:icon>special_symbol_remove</osmand:icon><osmand:background>octagon</osmand:background></extensions>
</wpt>
<wpt lat="38.70669" lon="-9.14955">
  <name>⛔ esgoto/ETAR ⚠️ — 100 m · Estação Elevatória dos Ferre</name>
  <desc>Proibido pescar a menos de 100 m. Base: proibição NACIONAL (Portaria 14/2014, art. 8.º).</desc>
  <type>Proibições</type>
  <extensions><osmand:color>#c0392b</osmand:color><osmand:icon>special_symbol_remove</osmand:icon><osmand:background>octagon</osmand:background></extensions>
</wpt>
<wpt lat="38.60743" lon="-9.07002">
  <name>⛔ esgoto/ETAR ⚠️ — 100 m · ETAR da Cucena</name>
  <desc>Proibido pescar a menos de 100 m. Base: proibição NACIONAL (Portaria 14/2014, art. 8.º).</desc>
  <type>Proibições</type>
  <extensions><osmand:color>#c0392b</osmand:color><osmand:icon>special_symbol_remove</osmand:icon><osmand:background>octagon</osmand:background></extensions>
</wpt>
<wpt lat="38.70311" lon="-9.16679">
  <name>⛔ esgoto/ETAR ⚠️ — 100 m · Estação Elevatória da Rocha </name>
  <desc>Proibido pescar a menos de 100 m. Base: proibição NACIONAL (Portaria 14/2014, art. 8.º).</desc>
  <type>Proibições</type>
  <extensions><osmand:color>#c0392b</osmand:color><osmand:icon>special_symbol_remove</osmand:icon><osmand:background>octagon</osmand:background></extensions>
</wpt>
<wpt lat="38.70689" lon="-9.15416">
  <name>⛔ esgoto/ETAR ⚠️ — 100 m · Estação Elevatória de Santos</name>
  <desc>Proibido pescar a menos de 100 m. Base: proibição NACIONAL (Portaria 14/2014, art. 8.º).</desc>
  <type>Proibições</type>
  <extensions><osmand:color>#c0392b</osmand:color><osmand:icon>special_symbol_remove</osmand:icon><osmand:background>octagon</osmand:background></extensions>
</wpt>
<wpt lat="38.70574" lon="-9.15688">
  <name>⛔ esgoto/ETAR ⚠️ — 100 m</name>
  <desc>Proibido pescar a menos de 100 m. Base: proibição NACIONAL (Portaria 14/2014, art. 8.º).</desc>
  <type>Proibições</type>
  <extensions><osmand:color>#c0392b</osmand:color><osmand:icon>special_symbol_remove</osmand:icon><osmand:background>octagon</osmand:background></extensions>
</wpt>
<wpt lat="38.70443" lon="-9.15346">
  <name>⛔ esgoto/ETAR ⚠️ — 100 m · Interceptor Cais do Sodré - </name>
  <desc>Proibido pescar a menos de 100 m. Base: proibição NACIONAL (Portaria 14/2014, art. 8.º).</desc>
  <type>Proibições</type>
  <extensions><osmand:color>#c0392b</osmand:color><osmand:icon>special_symbol_remove</osmand:icon><osmand:background>octagon</osmand:background></extensions>
</wpt>
<wpt lat="38.56977" lon="-9.03516">
  <name>⛔ esgoto/ETAR ⚠️ — 100 m · ETAR Quinta do Conde</name>
  <desc>Proibido pescar a menos de 100 m. Base: proibição NACIONAL (Portaria 14/2014, art. 8.º).</desc>
  <type>Proibições</type>
  <extensions><osmand:color>#c0392b</osmand:color><osmand:icon>special_symbol_remove</osmand:icon><osmand:background>octagon</osmand:background></extensions>
</wpt>
<wpt lat="38.70395" lon="-9.17428">
  <name>⛔ esgoto/ETAR ⚠️ — 100 m · Estação Elevatória de Alcânt</name>
  <desc>Proibido pescar a menos de 100 m. Base: proibição NACIONAL (Portaria 14/2014, art. 8.º).</desc>
  <type>Proibições</type>
  <extensions><osmand:color>#c0392b</osmand:color><osmand:icon>special_symbol_remove</osmand:icon><osmand:background>octagon</osmand:background></extensions>
</wpt>
<wpt lat="38.71301" lon="-9.1747">
  <name>⛔ esgoto/ETAR ⚠️ — 100 m</name>
  <desc>Proibido pescar a menos de 100 m. Base: proibição NACIONAL (Portaria 14/2014, art. 8.º).</desc>
  <type>Proibições</type>
  <extensions><osmand:color>#c0392b</osmand:color><osmand:icon>special_symbol_remove</osmand:icon><osmand:background>octagon</osmand:background></extensions>
</wpt>
<wpt lat="38.70888" lon="-9.13243">
  <name>⛔ esgoto/ETAR ⚠️ — 100 m</name>
  <desc>Proibido pescar a menos de 100 m. Base: proibição NACIONAL (Portaria 14/2014, art. 8.º).</desc>
  <type>Proibições</type>
  <extensions><osmand:color>#c0392b</osmand:color><osmand:icon>special_symbol_remove</osmand:icon><osmand:background>octagon</osmand:background></extensions>
</wpt>
<wpt lat="38.73189" lon="-9.23036">
  <name>⛔ esgoto/ETAR ⚠️ — 100 m</name>
  <desc>Proibido pescar a menos de 100 m. Base: proibição NACIONAL (Portaria 14/2014, art. 8.º).</desc>
  <type>Proibições</type>
  <extensions><osmand:color>#c0392b</osmand:color><osmand:icon>special_symbol_remove</osmand:icon><osmand:background>octagon</osmand:background></extensions>
</wpt>
<wpt lat="38.74067" lon="-9.32565">
  <name>⛔ esgoto/ETAR ⚠️ — 100 m</name>
  <desc>Proibido pescar a menos de 100 m. Base: proibição NACIONAL (Portaria 14/2014, art. 8.º).</desc>
  <type>Proibições</type>
  <extensions><osmand:color>#c0392b</osmand:color><osmand:icon>special_symbol_remove</osmand:icon><osmand:background>octagon</osmand:background></extensions>
</wpt>
<wpt lat="38.63237" lon="-9.07328">
  <name>⛔ esgoto/ETAR ⚠️ — 100 m · ETAR do Seixal</name>
  <desc>Proibido pescar a menos de 100 m. Base: proibição NACIONAL (Portaria 14/2014, art. 8.º).</desc>
  <type>Proibições</type>
  <extensions><osmand:color>#c0392b</osmand:color><osmand:icon>special_symbol_remove</osmand:icon><osmand:background>octagon</osmand:background></extensions>
</wpt>
<wpt lat="38.81598" lon="-9.09072">
  <name>⛔ esgoto/ETAR ⚠️ — 100 m · ETAR de São João da Talha</name>
  <desc>Proibido pescar a menos de 100 m. Base: proibição NACIONAL (Portaria 14/2014, art. 8.º).</desc>
  <type>Proibições</type>
  <extensions><osmand:color>#c0392b</osmand:color><osmand:icon>special_symbol_remove</osmand:icon><osmand:background>octagon</osmand:background></extensions>
</wpt>
<wpt lat="38.66418" lon="-8.95653">
  <name>⛔ esgoto/ETAR ⚠️ — 100 m</name>
  <desc>Proibido pescar a menos de 100 m. Base: proibição NACIONAL (Portaria 14/2014, art. 8.º).</desc>
  <type>Proibições</type>
  <extensions><osmand:color>#c0392b</osmand:color><osmand:icon>special_symbol_remove</osmand:icon><osmand:background>octagon</osmand:background></extensions>
</wpt>
<wpt lat="38.70542" lon="-9.15675">
  <name>⛔ esgoto/ETAR ⚠️ — 100 m · Estação Elevatória de Santos</name>
  <desc>Proibido pescar a menos de 100 m. Base: proibição NACIONAL (Portaria 14/2014, art. 8.º).</desc>
  <type>Proibições</type>
  <extensions><osmand:color>#c0392b</osmand:color><osmand:icon>special_symbol_remove</osmand:icon><osmand:background>octagon</osmand:background></extensions>
</wpt>
<wpt lat="38.69728" lon="-9.36953">
  <name>⛔ esgoto/ETAR ⚠️ — 100 m · Interceptor da Costa do Esto</name>
  <desc>Proibido pescar a menos de 100 m. Base: proibição NACIONAL (Portaria 14/2014, art. 8.º).</desc>
  <type>Proibições</type>
  <extensions><osmand:color>#c0392b</osmand:color><osmand:icon>special_symbol_remove</osmand:icon><osmand:background>octagon</osmand:background></extensions>
</wpt>
<wpt lat="38.70274" lon="-9.27435">
  <name>⛔ esgoto/ETAR ⚠️ — 100 m</name>
  <desc>Proibido pescar a menos de 100 m. Base: proibição NACIONAL (Portaria 14/2014, art. 8.º).</desc>
  <type>Proibições</type>
  <extensions><osmand:color>#c0392b</osmand:color><osmand:icon>special_symbol_remove</osmand:icon><osmand:background>octagon</osmand:background></extensions>
</wpt>
<wpt lat="38.70113" lon="-9.27503">
  <name>⛔ esgoto/ETAR ⚠️ — 100 m</name>
  <desc>Proibido pescar a menos de 100 m. Base: proibição NACIONAL (Portaria 14/2014, art. 8.º).</desc>
  <type>Proibições</type>
  <extensions><osmand:color>#c0392b</osmand:color><osmand:icon>special_symbol_remove</osmand:icon><osmand:background>octagon</osmand:background></extensions>
</wpt>
<wpt lat="38.71792" lon="-9.27794">
  <name>⛔ esgoto/ETAR ⚠️ — 100 m</name>
  <desc>Proibido pescar a menos de 100 m. Base: proibição NACIONAL (Portaria 14/2014, art. 8.º).</desc>
  <type>Proibições</type>
  <extensions><osmand:color>#c0392b</osmand:color><osmand:icon>special_symbol_remove</osmand:icon><osmand:background>octagon</osmand:background></extensions>
</wpt>
<wpt lat="38.72559" lon="-9.28014">
  <name>⛔ esgoto/ETAR ⚠️ — 100 m</name>
  <desc>Proibido pescar a menos de 100 m. Base: proibição NACIONAL (Portaria 14/2014, art. 8.º).</desc>
  <type>Proibições</type>
  <extensions><osmand:color>#c0392b</osmand:color><osmand:icon>special_symbol_remove</osmand:icon><osmand:background>octagon</osmand:background></extensions>
</wpt>
<wpt lat="38.70641" lon="-9.27635">
  <name>⛔ esgoto/ETAR ⚠️ — 100 m</name>
  <desc>Proibido pescar a menos de 100 m. Base: proibição NACIONAL (Portaria 14/2014, art. 8.º).</desc>
  <type>Proibições</type>
  <extensions><osmand:color>#c0392b</osmand:color><osmand:icon>special_symbol_remove</osmand:icon><osmand:background>octagon</osmand:background></extensions>
</wpt>
<wpt lat="38.72889" lon="-9.25709">
  <name>⛔ esgoto/ETAR ⚠️ — 100 m</name>
  <desc>Proibido pescar a menos de 100 m. Base: proibição NACIONAL (Portaria 14/2014, art. 8.º).</desc>
  <type>Proibições</type>
  <extensions><osmand:color>#c0392b</osmand:color><osmand:icon>special_symbol_remove</osmand:icon><osmand:background>octagon</osmand:background></extensions>
</wpt>
<wpt lat="38.70734" lon="-9.25104">
  <name>⛔ esgoto/ETAR ⚠️ — 100 m</name>
  <desc>Proibido pescar a menos de 100 m. Base: proibição NACIONAL (Portaria 14/2014, art. 8.º).</desc>
  <type>Proibições</type>
  <extensions><osmand:color>#c0392b</osmand:color><osmand:icon>special_symbol_remove</osmand:icon><osmand:background>octagon</osmand:background></extensions>
</wpt>
<wpt lat="38.71236" lon="-9.27839">
  <name>⛔ esgoto/ETAR ⚠️ — 100 m · Interceptor da Costa do Esto</name>
  <desc>Proibido pescar a menos de 100 m. Base: proibição NACIONAL (Portaria 14/2014, art. 8.º).</desc>
  <type>Proibições</type>
  <extensions><osmand:color>#c0392b</osmand:color><osmand:icon>special_symbol_remove</osmand:icon><osmand:background>octagon</osmand:background></extensions>
</wpt>
<wpt lat="38.70398" lon="-9.17216">
  <name>⛔ esgoto/ETAR ⚠️ — 100 m</name>
  <desc>Proibido pescar a menos de 100 m. Base: proibição NACIONAL (Portaria 14/2014, art. 8.º).</desc>
  <type>Proibições</type>
  <extensions><osmand:color>#c0392b</osmand:color><osmand:icon>special_symbol_remove</osmand:icon><osmand:background>octagon</osmand:background></extensions>
</wpt>
<wpt lat="38.7013" lon="-9.17822">
  <name>⛔ esgoto/ETAR ⚠️ — 100 m</name>
  <desc>Proibido pescar a menos de 100 m. Base: proibição NACIONAL (Portaria 14/2014, art. 8.º).</desc>
  <type>Proibições</type>
  <extensions><osmand:color>#c0392b</osmand:color><osmand:icon>special_symbol_remove</osmand:icon><osmand:background>octagon</osmand:background></extensions>
</wpt>
<wpt lat="38.79715" lon="-9.10517">
  <name>⛔ esgoto/ETAR ⚠️ — 100 m · Estação Elevatória Bierolas</name>
  <desc>Proibido pescar a menos de 100 m. Base: proibição NACIONAL (Portaria 14/2014, art. 8.º).</desc>
  <type>Proibições</type>
  <extensions><osmand:color>#c0392b</osmand:color><osmand:icon>special_symbol_remove</osmand:icon><osmand:background>octagon</osmand:background></extensions>
</wpt>
<wpt lat="38.80716" lon="-9.15571">
  <name>⛔ esgoto/ETAR ⚠️ — 100 m · Estação Elevatória de Águas </name>
  <desc>Proibido pescar a menos de 100 m. Base: proibição NACIONAL (Portaria 14/2014, art. 8.º).</desc>
  <type>Proibições</type>
  <extensions><osmand:color>#c0392b</osmand:color><osmand:icon>special_symbol_remove</osmand:icon><osmand:background>octagon</osmand:background></extensions>
</wpt>
<wpt lat="38.64789" lon="-9.09555">
  <name>⛔ cais/terminal acostável — 300 m · Seixal</name>
  <desc>Proibido pescar a menos de 300 m. Base: edital da Capitania de Lisboa.</desc>
  <type>Proibições</type>
  <extensions><osmand:color>#c0392b</osmand:color><osmand:icon>special_symbol_remove</osmand:icon><osmand:background>octagon</osmand:background></extensions>
</wpt>
<wpt lat="38.65145" lon="-9.079">
  <name>⛔ cais/terminal acostável — 300 m · Barreiro</name>
  <desc>Proibido pescar a menos de 300 m. Base: edital da Capitania de Lisboa.</desc>
  <type>Proibições</type>
  <extensions><osmand:color>#c0392b</osmand:color><osmand:icon>special_symbol_remove</osmand:icon><osmand:background>octagon</osmand:background></extensions>
</wpt>
<wpt lat="38.72925" lon="-9.0085">
  <name>⛔ cais/terminal acostável — 300 m · Cais Palafítico do Samouco</name>
  <desc>Proibido pescar a menos de 300 m. Base: edital da Capitania de Lisboa.</desc>
  <type>Proibições</type>
  <extensions><osmand:color>#c0392b</osmand:color><osmand:icon>special_symbol_remove</osmand:icon><osmand:background>octagon</osmand:background></extensions>
</wpt>
<wpt lat="38.70245" lon="-8.98167">
  <name>⛔ cais/terminal acostável — 300 m · Cais dos Pescadores</name>
  <desc>Proibido pescar a menos de 300 m. Base: edital da Capitania de Lisboa.</desc>
  <type>Proibições</type>
  <extensions><osmand:color>#c0392b</osmand:color><osmand:icon>special_symbol_remove</osmand:icon><osmand:background>octagon</osmand:background></extensions>
</wpt>
<wpt lat="38.68812" lon="-9.14785">
  <name>⛔ cais/terminal acostável — 300 m · Terminal Fluvial de Cacilhas</name>
  <desc>Proibido pescar a menos de 300 m. Base: edital da Capitania de Lisboa.</desc>
  <type>Proibições</type>
  <extensions><osmand:color>#c0392b</osmand:color><osmand:icon>special_symbol_remove</osmand:icon><osmand:background>octagon</osmand:background></extensions>
</wpt>
<wpt lat="38.70292" lon="-9.16025">
  <name>⛔ doca/marina — 100 m</name>
  <desc>Proibido pescar a menos de 100 m. Base: edital da Capitania de Lisboa.</desc>
  <type>Proibições</type>
  <extensions><osmand:color>#c0392b</osmand:color><osmand:icon>special_symbol_remove</osmand:icon><osmand:background>octagon</osmand:background></extensions>
</wpt>
<wpt lat="38.67399" lon="-9.22744">
  <name>⛔ cais/terminal acostável — 300 m · Porto de Lisboa - Terminal de Lí</name>
  <desc>Proibido pescar a menos de 300 m. Base: edital da Capitania de Lisboa.</desc>
  <type>Proibições</type>
  <extensions><osmand:color>#c0392b</osmand:color><osmand:icon>special_symbol_remove</osmand:icon><osmand:background>octagon</osmand:background></extensions>
</wpt>
<wpt lat="38.67902" lon="-9.18615">
  <name>⛔ cais/terminal acostável — 300 m · Porto de Lisboa - Terminal de Gr</name>
  <desc>Proibido pescar a menos de 300 m. Base: edital da Capitania de Lisboa.</desc>
  <type>Proibições</type>
  <extensions><osmand:color>#c0392b</osmand:color><osmand:icon>special_symbol_remove</osmand:icon><osmand:background>octagon</osmand:background></extensions>
</wpt>
<wpt lat="38.67623" lon="-9.20313">
  <name>⛔ cais/terminal acostável — 300 m · Porto de Lisboa - Terminal de Lí</name>
  <desc>Proibido pescar a menos de 300 m. Base: edital da Capitania de Lisboa.</desc>
  <type>Proibições</type>
  <extensions><osmand:color>#c0392b</osmand:color><osmand:icon>special_symbol_remove</osmand:icon><osmand:background>octagon</osmand:background></extensions>
</wpt>
<wpt lat="38.73175" lon="-9.10427">
  <name>⛔ cais/terminal acostável — 300 m · Porto de Lisboa - Terminal Multi</name>
  <desc>Proibido pescar a menos de 300 m. Base: edital da Capitania de Lisboa.</desc>
  <type>Proibições</type>
  <extensions><osmand:color>#c0392b</osmand:color><osmand:icon>special_symbol_remove</osmand:icon><osmand:background>octagon</osmand:background></extensions>
</wpt>
<wpt lat="38.70001" lon="-9.16632">
  <name>⛔ cais/terminal acostável — 300 m · Porto de Lisboa - Terminal de Co</name>
  <desc>Proibido pescar a menos de 300 m. Base: edital da Capitania de Lisboa.</desc>
  <type>Proibições</type>
  <extensions><osmand:color>#c0392b</osmand:color><osmand:icon>special_symbol_remove</osmand:icon><osmand:background>octagon</osmand:background></extensions>
</wpt>
<wpt lat="38.676" lon="-9.19507">
  <name>⛔ cais/terminal acostável — 300 m · Porto de Lisboa - Terminal de Lí</name>
  <desc>Proibido pescar a menos de 300 m. Base: edital da Capitania de Lisboa.</desc>
  <type>Proibições</type>
  <extensions><osmand:color>#c0392b</osmand:color><osmand:icon>special_symbol_remove</osmand:icon><osmand:background>octagon</osmand:background></extensions>
</wpt>
<wpt lat="38.70237" lon="-8.98145">
  <name>⛔ cais/terminal acostável — 300 m · Cais dos Pescadores</name>
  <desc>Proibido pescar a menos de 300 m. Base: edital da Capitania de Lisboa.</desc>
  <type>Proibições</type>
  <extensions><osmand:color>#c0392b</osmand:color><osmand:icon>special_symbol_remove</osmand:icon><osmand:background>octagon</osmand:background></extensions>
</wpt>
<wpt lat="38.75645" lon="-8.96517">
  <name>⛔ cais/terminal acostável — 300 m · Ponte-Cais de Alcochete</name>
  <desc>Proibido pescar a menos de 300 m. Base: edital da Capitania de Lisboa.</desc>
  <type>Proibições</type>
  <extensions><osmand:color>#c0392b</osmand:color><osmand:icon>special_symbol_remove</osmand:icon><osmand:background>octagon</osmand:background></extensions>
</wpt>
<wpt lat="38.71256" lon="-9.12328">
  <name>⛔ cais/terminal acostável — 300 m · Porto de Lisboa - Terminal de Cr</name>
  <desc>Proibido pescar a menos de 300 m. Base: edital da Capitania de Lisboa.</desc>
  <type>Proibições</type>
  <extensions><osmand:color>#c0392b</osmand:color><osmand:icon>special_symbol_remove</osmand:icon><osmand:background>octagon</osmand:background></extensions>
</wpt>
<wpt lat="38.82221" lon="-9.08554">
  <name>⛔ cais/terminal acostável — 300 m · Terminal Ferroviário de Mercador</name>
  <desc>Proibido pescar a menos de 300 m. Base: edital da Capitania de Lisboa.</desc>
  <type>Proibições</type>
  <extensions><osmand:color>#c0392b</osmand:color><osmand:icon>special_symbol_remove</osmand:icon><osmand:background>octagon</osmand:background></extensions>
</wpt>
<wpt lat="38.70676" lon="-9.13693">
  <name>⛔ cais/terminal acostável — 300 m · Interceptor Cais do Sodré - Alcâ</name>
  <desc>Proibido pescar a menos de 300 m. Base: edital da Capitania de Lisboa.</desc>
  <type>Proibições</type>
  <extensions><osmand:color>#c0392b</osmand:color><osmand:icon>special_symbol_remove</osmand:icon><osmand:background>octagon</osmand:background></extensions>
</wpt>
<wpt lat="38.71985" lon="-9.11505">
  <name>⛔ cais/terminal acostável — 300 m · Porto de Lisboa - Terminal Multi</name>
  <desc>Proibido pescar a menos de 300 m. Base: edital da Capitania de Lisboa.</desc>
  <type>Proibições</type>
  <extensions><osmand:color>#c0392b</osmand:color><osmand:icon>special_symbol_remove</osmand:icon><osmand:background>octagon</osmand:background></extensions>
</wpt>
<wpt lat="38.72591" lon="-9.10915">
  <name>⛔ cais/terminal acostável — 300 m · Porto de Lisboa - Terminal de Co</name>
  <desc>Proibido pescar a menos de 300 m. Base: edital da Capitania de Lisboa.</desc>
  <type>Proibições</type>
  <extensions><osmand:color>#c0392b</osmand:color><osmand:icon>special_symbol_remove</osmand:icon><osmand:background>octagon</osmand:background></extensions>
</wpt>
<wpt lat="38.73729" lon="-9.1011">
  <name>⛔ cais/terminal acostável — 300 m · Porto de Lisboa - Terminal Multi</name>
  <desc>Proibido pescar a menos de 300 m. Base: edital da Capitania de Lisboa.</desc>
  <type>Proibições</type>
  <extensions><osmand:color>#c0392b</osmand:color><osmand:icon>special_symbol_remove</osmand:icon><osmand:background>octagon</osmand:background></extensions>
</wpt>
<wpt lat="38.73531" lon="-9.10269">
  <name>⛔ cais/terminal acostável — 300 m · Porto de Lisboa - Terminal de Gr</name>
  <desc>Proibido pescar a menos de 300 m. Base: edital da Capitania de Lisboa.</desc>
  <type>Proibições</type>
  <extensions><osmand:color>#c0392b</osmand:color><osmand:icon>special_symbol_remove</osmand:icon><osmand:background>octagon</osmand:background></extensions>
</wpt>
<wpt lat="38.68655" lon="-9.14615">
  <name>⛔ doca/marina — 100 m</name>
  <desc>Proibido pescar a menos de 100 m. Base: edital da Capitania de Lisboa.</desc>
  <type>Proibições</type>
  <extensions><osmand:color>#c0392b</osmand:color><osmand:icon>special_symbol_remove</osmand:icon><osmand:background>octagon</osmand:background></extensions>
</wpt>
<wpt lat="38.67258" lon="-9.23784">
  <name>⛔ cais/terminal acostável — 300 m · Porto de Lisboa - Terminal de Gr</name>
  <desc>Proibido pescar a menos de 300 m. Base: edital da Capitania de Lisboa.</desc>
  <type>Proibições</type>
  <extensions><osmand:color>#c0392b</osmand:color><osmand:icon>special_symbol_remove</osmand:icon><osmand:background>octagon</osmand:background></extensions>
</wpt>
<wpt lat="38.6316" lon="-9.11355">
  <name>⛔ doca/marina — 100 m · Estação Náutica &quot;Baía do Seixal&quot;</name>
  <desc>Proibido pescar a menos de 100 m. Base: edital da Capitania de Lisboa.</desc>
  <type>Proibições</type>
  <extensions><osmand:color>#c0392b</osmand:color><osmand:icon>special_symbol_remove</osmand:icon><osmand:background>octagon</osmand:background></extensions>
</wpt>
<wpt lat="38.65658" lon="-9.25097">
  <name>🏖️ Costa da Caparica (S. João) — época 06-01 a 09-30</name>
  <desc>Praia balnear, capitania de Lisboa, raio 200 m. Na época balnear (de 06-01 a 09-30) é proibido pescar entre o nascer e o ocaso do Sol (POC-ACE, art. 17.º).</desc>
  <type>Praias</type>
  <extensions><osmand:color>#e67e22</osmand:color><osmand:icon>special_sun</osmand:icon><osmand:background>square</osmand:background></extensions>
</wpt>
<wpt lat="38.57191" lon="-9.19614">
  <name>🏖️ Fonte da Telha — época 06-01 a 09-30</name>
  <desc>Praia balnear, capitania de Lisboa, raio 200 m. Na época balnear (de 06-01 a 09-30) é proibido pescar entre o nascer e o ocaso do Sol (POC-ACE, art. 17.º).</desc>
  <type>Praias</type>
  <extensions><osmand:color>#e67e22</osmand:color><osmand:icon>special_sun</osmand:icon><osmand:background>square</osmand:background></extensions>
</wpt>
<wpt lat="38.69822" lon="-9.27716">
  <name>🏖️ Caxias — época 06-01 a 09-30</name>
  <desc>Praia balnear, capitania de Lisboa, raio 200 m. Na época balnear (de 06-01 a 09-30) é proibido pescar entre o nascer e o ocaso do Sol (POC-ACE, art. 17.º).</desc>
  <type>Praias</type>
  <extensions><osmand:color>#e67e22</osmand:color><osmand:icon>special_sun</osmand:icon><osmand:background>square</osmand:background></extensions>
</wpt>
<wpt lat="38.69045" lon="-9.29683">
  <name>🏖️ Paço de Arcos — época 06-01 a 09-30</name>
  <desc>Praia balnear, capitania de Lisboa, raio 200 m. Na época balnear (de 06-01 a 09-30) é proibido pescar entre o nascer e o ocaso do Sol (POC-ACE, art. 17.º).</desc>
  <type>Praias</type>
  <extensions><osmand:color>#e67e22</osmand:color><osmand:icon>special_sun</osmand:icon><osmand:background>square</osmand:background></extensions>
</wpt>
<wpt lat="38.67922" lon="-9.33524">
  <name>🏖️ Carcavelos — época 05-01 a 09-30</name>
  <desc>Praia balnear, capitania de Cascais, raio 300 m. Na época balnear (de 05-01 a 09-30) é proibido pescar entre o nascer e o ocaso do Sol (POC-ACE, art. 17.º).</desc>
  <type>Praias</type>
  <extensions><osmand:color>#e67e22</osmand:color><osmand:icon>special_sun</osmand:icon><osmand:background>square</osmand:background></extensions>
</wpt>
<wpt lat="38.96431" lon="-9.41855">
  <name>🏖️ Ericeira (Pescadores) — época 06-13 a 09-13</name>
  <desc>Praia balnear, capitania de Cascais, raio 300 m. Na época balnear (de 06-13 a 09-13) é proibido pescar entre o nascer e o ocaso do Sol (POC-ACE, art. 17.º).</desc>
  <type>Praias</type>
  <extensions><osmand:color>#e67e22</osmand:color><osmand:icon>special_sun</osmand:icon><osmand:background>square</osmand:background></extensions>
</wpt>
<wpt lat="38.44131" lon="-9.09431">
  <name>🏖️ Sesimbra — Califórnia — época 06-04 a 09-13</name>
  <desc>Praia balnear, capitania de Setúbal, raio 150 m. Na época balnear (de 06-04 a 09-13) é proibido pescar entre o nascer e o ocaso do Sol (POC-ACE, art. 17.º).</desc>
  <type>Praias</type>
  <extensions><osmand:color>#e67e22</osmand:color><osmand:icon>special_sun</osmand:icon><osmand:background>square</osmand:background></extensions>
</wpt>
<wpt lat="38.48844" lon="-9.18383">
  <name>🏖️ Meco / Moinho de Baixo — época 06-04 a 09-13</name>
  <desc>Praia balnear, capitania de Setúbal, raio 150 m. Na época balnear (de 06-04 a 09-13) é proibido pescar entre o nascer e o ocaso do Sol (POC-ACE, art. 17.º).</desc>
  <type>Praias</type>
  <extensions><osmand:color>#e67e22</osmand:color><osmand:icon>special_sun</osmand:icon><osmand:background>square</osmand:background></extensions>
</wpt>
<wpt lat="38.48428" lon="-8.94504">
  <name>🏖️ Figueirinha (Setúbal) — época 06-04 a 09-15</name>
  <desc>Praia balnear, capitania de Setúbal, raio 150 m. Na época balnear (de 06-04 a 09-15) é proibido pescar entre o nascer e o ocaso do Sol (POC-ACE, art. 17.º).</desc>
  <type>Praias</type>
  <extensions><osmand:color>#e67e22</osmand:color><osmand:icon>special_sun</osmand:icon><osmand:background>square</osmand:background></extensions>
</wpt>
<wpt lat="38.64403" lon="-9.10551">
  <name>🏖️ Praia do Seixal — época 07-21 a 09-15</name>
  <desc>Praia balnear, capitania de Lisboa (edital banhistas), raio 200 m. Na época balnear (de 07-21 a 09-15) é proibido pescar entre o nascer e o ocaso do Sol (POC-ACE, art. 17.º).</desc>
  <type>Praias</type>
  <extensions><osmand:color>#e67e22</osmand:color><osmand:icon>special_sun</osmand:icon><osmand:background>square</osmand:background></extensions>
</wpt>
<wpt lat="38.65588" lon="-9.08103">
  <name>🏖️ Alburrica (Barreiro) — época 06-06 a 09-06</name>
  <desc>Praia balnear, capitania de Lisboa (edital banhistas), raio 200 m. Na época balnear (de 06-06 a 09-06) é proibido pescar entre o nascer e o ocaso do Sol (POC-ACE, art. 17.º).</desc>
  <type>Praias</type>
  <extensions><osmand:color>#e67e22</osmand:color><osmand:icon>special_sun</osmand:icon><osmand:background>square</osmand:background></extensions>
</wpt>
<wpt lat="38.50763" lon="-9.18297">
  <name>🏖️ Lagoa de Albufeira-Mar — época 06-04 a 09-13</name>
  <desc>Praia balnear, capitania de Setúbal, raio 150 m. Na época balnear (de 06-04 a 09-13) é proibido pescar entre o nascer e o ocaso do Sol (POC-ACE, art. 17.º).</desc>
  <type>Praias</type>
  <extensions><osmand:color>#e67e22</osmand:color><osmand:icon>special_sun</osmand:icon><osmand:background>square</osmand:background></extensions>
</wpt>
<wpt lat="38.48844" lon="-9.18383">
  <name>🏖️ Moinho de Baixo-Meco — época 06-04 a 09-13</name>
  <desc>Praia balnear, capitania de Setúbal, raio 150 m. Na época balnear (de 06-04 a 09-13) é proibido pescar entre o nascer e o ocaso do Sol (POC-ACE, art. 17.º).</desc>
  <type>Praias</type>
  <extensions><osmand:color>#e67e22</osmand:color><osmand:icon>special_sun</osmand:icon><osmand:background>square</osmand:background></extensions>
</wpt>
<wpt lat="38.46477" lon="-9.1925">
  <name>🏖️ Bicas — época 06-04 a 09-13</name>
  <desc>Praia balnear, capitania de Setúbal, raio 150 m. Na época balnear (de 06-04 a 09-13) é proibido pescar entre o nascer e o ocaso do Sol (POC-ACE, art. 17.º).</desc>
  <type>Praias</type>
  <extensions><osmand:color>#e67e22</osmand:color><osmand:icon>special_sun</osmand:icon><osmand:background>square</osmand:background></extensions>
</wpt>
<wpt lat="39.42902" lon="-9.22451">
  <name>🏖️ Foz do Arelho-Lagoa — época 06-13 a 09-13</name>
  <desc>Praia balnear, capitania de Peniche, raio 150 m. Na época balnear (de 06-13 a 09-13) é proibido pescar entre o nascer e o ocaso do Sol (POC-ACE, art. 17.º).</desc>
  <type>Praias</type>
  <extensions><osmand:color>#e67e22</osmand:color><osmand:icon>special_sun</osmand:icon><osmand:background>square</osmand:background></extensions>
</wpt>
<wpt lat="39.43177" lon="-9.23057">
  <name>🏖️ Foz do Arelho-Mar — época 06-13 a 09-13</name>
  <desc>Praia balnear, capitania de Peniche, raio 150 m. Na época balnear (de 06-13 a 09-13) é proibido pescar entre o nascer e o ocaso do Sol (POC-ACE, art. 17.º).</desc>
  <type>Praias</type>
  <extensions><osmand:color>#e67e22</osmand:color><osmand:icon>special_sun</osmand:icon><osmand:background>square</osmand:background></extensions>
</wpt>
<wpt lat="39.42531" lon="-9.23391">
  <name>🏖️ Bom Sucesso — época 06-13 a 09-13</name>
  <desc>Praia balnear, capitania de Peniche, raio 150 m. Na época balnear (de 06-13 a 09-13) é proibido pescar entre o nascer e o ocaso do Sol (POC-ACE, art. 17.º).</desc>
  <type>Praias</type>
  <extensions><osmand:color>#e67e22</osmand:color><osmand:icon>special_sun</osmand:icon><osmand:background>square</osmand:background></extensions>
</wpt>
<wpt lat="39.42118" lon="-9.24603">
  <name>🏖️ Rei do Cortiço — época 06-13 a 09-13</name>
  <desc>Praia balnear, capitania de Peniche, raio 150 m. Na época balnear (de 06-13 a 09-13) é proibido pescar entre o nascer e o ocaso do Sol (POC-ACE, art. 17.º).</desc>
  <type>Praias</type>
  <extensions><osmand:color>#e67e22</osmand:color><osmand:icon>special_sun</osmand:icon><osmand:background>square</osmand:background></extensions>
</wpt>

</gpx>
